"","Name","MantraRole","VarianceFantasyEvaluation","PlayedMatches","MeanFantasyEvaluation","Team","Role","MedianFantasyEvaluation","WeightedFantasyEvaluation","Qt..A","Qt..I","Plays2018_2019","Owner","Price"
"1","ABATE","E",1.4025735294,17,5.9411764706,"Milan","D",6,2.6578947368,2,3,1,"",NA
"2","ABATE","Dd",1.4025735294,17,5.9411764706,"Milan","D",6,2.6578947368,2,3,1,"",NA
"3","ACERBI","Dc",0.502311522,38,5.9342105263,"Sassuolo","D",6,5.9342105263,12,12,1,"",NA
"4","ACQUAH","M",0.6737012987,22,5.9318181818,"Torino","C",6,3.4342105263,5,4,1,"",NA
"5","ACQUAH","C",0.6737012987,22,5.9318181818,"Torino","C",6,3.4342105263,5,4,1,"",NA
"6","ADJAPONG","Dd",0.4489583333,16,5.96875,"Sassuolo","D",6,2.5131578947,2,3,1,"",NA
"7","ADJAPONG","E",0.4489583333,16,5.96875,"Sassuolo","D",6,2.5131578947,2,3,1,"",NA
"8","ADNAN","Ds",0.3863636364,23,6,"Udinese","D",6,3.6315789474,3,3,1,"",NA
"9","ADNAN","E",0.3863636364,23,6,"Udinese","D",6,3.6315789474,3,3,1,"",NA
"10","AINA","Dd",NA,1,NA,NA,"D",NA,0,5,4,1,"",NA
"11","AINA","Ds",NA,1,NA,NA,"D",NA,0,5,4,1,"",NA
"12","AINA","E",NA,1,NA,NA,"D",NA,0,5,4,1,"",NA
"13","ALBIOL","Dc",1.5790322581,31,6.564516129,"Napoli","D",6.5,5.3552631579,12,13,1,"",NA
"14","ALEX SANDRO","Ds",2.5815384615,26,6.6923076923,"Juventus","D",6,4.5789473684,17,17,1,"",NA
"15","ALEX SANDRO","E",2.5815384615,26,6.6923076923,"Juventus","D",6,4.5789473684,17,17,1,"",NA
"16","ALLAN","C",1.8344594595,38,6.75,"Napoli","C",6.25,6.75,18,17,1,"ME",20
"17","ALLAN","M",1.8344594595,38,6.75,"Napoli","C",6.25,6.75,18,17,1,"ME",20
"18","ANDERSEN","Dc",0.1547619048,7,5.7857142857,"Sampdoria","D",6,1.0657894737,7,6,1,"",NA
"19","ANDREOLLI","Dc",0.3577075099,23,5.6956521739,"Cagliari","D",6,3.4473684211,3,4,1,"",NA
"20","ANSALDI","Dd",1.2141666667,25,6.38,"Torino","D",6.5,4.1973684211,10,11,1,"",NA
"21","ANSALDI","Ds",1.2141666667,25,6.38,"Torino","D",6.5,4.1973684211,10,11,1,"",NA
"22","ANSALDI","E",1.2141666667,25,6.38,"Torino","D",6.5,4.1973684211,10,11,1,"",NA
"23","ANTENUCCI","Pc",4.9337121212,33,7.4393939394,"SPAL","A",6.5,6.4605263158,25,25,1,"ME",1
"24","ANTONELLI","Ds",0.1666666667,6,5.6666666667,"Milan","D",5.75,0.8947368421,4,4,1,"VE",5
"25","ANTONELLI","E",0.1666666667,6,5.6666666667,"Milan","D",5.75,0.8947368421,4,4,1,"VE",5
"26","ARDAIZ","Pc",NA,1,NA,NA,"A",NA,0,3,3,1,"",NA
"27","ARESTI","Por",NA,1,NA,NA,"P",NA,0,1,1,1,"",NA
"28","ARIAUDO","Dc",NA,1,NA,NA,"D",NA,0,3,4,1,"",NA
"29","ASAMOAH","E",0.2105263158,19,6.1052631579,"Juventus","D",6,3.0526315789,9,9,1,"",NA
"30","ASAMOAH","Ds",0.2105263158,19,6.1052631579,"Juventus","D",6,3.0526315789,9,9,1,"",NA
"31","AUDERO","Por",NA,30,NA,NA,"P",NA,4.72318396627123,10,9,1,"",NA
"32","BABACAR","Pc",3.4532019704,29,6.6034482759,"Sassuolo","A",6,5.0394736842,15,14,1,"ME",14
"33","BADELJ","M",1.3874643875,27,6.1851851852,"Fiorentina","C",6,4.3947368421,7,7,1,"",NA
"34","BADELJ","C",1.3874643875,27,6.1851851852,"Fiorentina","C",6,4.3947368421,7,7,1,"",NA
"35","BADU","C",NA,10,NA,NA,"C",NA,1.59353006044804,4,5,1,"",NA
"36","BADU","M",NA,10,NA,NA,"C",NA,1.59353006044804,4,5,1,"",NA
"37","BAGHERIA","Por",NA,1,NA,NA,"P",NA,0,1,1,1,"",NA
"38","BAKAYOKO","C",NA,33,NA,NA,"C",NA,5.2214092515681,10,11,1,"",NA
"39","BAKAYOKO","M",NA,33,NA,NA,"C",NA,5.2214092515681,10,11,1,"",NA
"40","BALIC","C",0.2619047619,21,5.6904761905,"Udinese","C",6,3.1447368421,2,3,1,"",NA
"41","BANI","Dc",0.2322916667,16,5.78125,"Chievo","D",5.75,2.4342105263,6,6,1,"",NA
"42","BARAK","C",4.76114082,34,6.7647058824,"Udinese","C",6,6.0526315789,14,15,1,"",NA
"43","BARAK","T",4.76114082,34,6.7647058824,"Udinese","C",6,6.0526315789,14,15,1,"",NA
"44","BARAYE","A",NA,10,NA,NA,"A",NA,1.59353006044804,4,5,1,"",NA
"45","BARBA","Dc",NA,1,NA,NA,"D",NA,0,4,4,1,"",NA
"46","BARDI","Por",NA,1,NA,NA,"P",NA,0,1,1,1,"",NA
"47","BARELLA","C",2.36385918,34,6.6911764706,"Cagliari","C",6,5.9868421053,14,14,1,"",NA
"48","BARELLA","M",2.36385918,34,6.6911764706,"Cagliari","C",6,5.9868421053,14,14,1,"",NA
"49","BARILLA'","C",NA,1,NA,NA,"C",NA,0,5,3,1,"",NA
"50","BARRETO","M",NA,10,NA,NA,"C",NA,1.59353006044804,5,5,1,"",NA
"51","BARRETO","C",NA,10,NA,NA,"C",NA,1.59353006044804,5,5,1,"",NA
"52","BARROW","Pc",3.1515151515,12,7.1666666667,"Atalanta","A",6.25,2.2631578947,10,11,1,"",NA
"53","BARZAGLI","Dc",0.2566666667,25,6.06,"Juventus","D",6,3.9868421053,2,3,1,"",NA
"54","BASELLI","C",2.0796370968,32,6.21875,"Torino","C",6,5.2368421053,10,10,1,"",NA
"55","BASTA","E",0.3227272727,11,6.0454545455,"Lazio","D",6,1.75,2,3,1,"",NA
"56","BASTA","Dd",0.3227272727,11,6.0454545455,"Lazio","D",6,1.75,2,3,1,"",NA
"57","BASTONI","Dc",0.0625,4,6.125,"Atalanta","D",6,0.6447368421,1,1,1,"",NA
"58","BASTOS","Dc",2.5976190476,21,6.5476190476,"Lazio","D",6,3.6184210526,8,8,1,"",NA
"59","BEGHETTO","E",NA,1,NA,NA,"C",NA,0,1,2,1,"",NA
"60","BEHRAMI","C",1.0125,20,6.225,"Udinese","C",6,3.2763157895,5,4,1,"",NA
"61","BEHRAMI","M",1.0125,20,6.225,"Udinese","C",6,3.2763157895,5,4,1,"",NA
"62","BELEC","Por",2.380952381,15,3.6666666667,"Sampdoria","P",4,1.4473684211,1,1,1,"",NA
"63","BELOTTI","Pc",8.8054435484,32,6.78125,"Torino","A",5.75,5.7105263158,29,29,1,"",NA
"64","BENASSI","C",2.9525210084,35,6.3428571429,"Fiorentina","C",5.5,5.8421052632,15,12,1,"",NA
"65","BENATIA","Dc",1.6026315789,20,6.55,"Juventus","D",6.5,3.4473684211,9,10,1,"",NA
"66","BENNACER","C",NA,21,NA,NA,"C",NA,3.37178786018851,6,6,1,"",NA
"67","BENTANCUR","C",0.0947368421,20,5.9,"Juventus","C",6,3.1052631579,7,8,1,"",NA
"68","BERARDI","A",2.8978494624,31,5.7580645161,"Sassuolo","A",5.5,4.6973684211,18,16,1,"VE",14
"69","BERENGUER","W",1.3187229437,22,6.1590909091,"Torino","C",6,3.5657894737,5,5,1,"",NA
"70","BERESZYNSKI","E",0.3139784946,31,5.7741935484,"Sampdoria","D",5.5,4.7105263158,7,7,1,"",NA
"71","BERESZYNSKI","Dd",0.3139784946,31,5.7741935484,"Sampdoria","D",5.5,4.7105263158,7,7,1,"",NA
"72","BERISHA E","Por",1.1994623656,31,5.1290322581,"Atalanta","P",5,4.1842105263,11,12,1,"",NA
"73","BERISHA V","T",NA,33,NA,NA,"C",NA,5.2214092515681,10,11,1,"",NA
"74","BERISHA V","C",NA,33,NA,NA,"C",NA,5.2214092515681,10,11,1,"",NA
"75","BERNARDESCHI","W",2.9875541126,22,7.0227272727,"Juventus","C",6,4.0657894737,17,16,1,"BRYAN",12
"76","BERNARDESCHI","A",2.9875541126,22,7.0227272727,"Juventus","C",6,4.0657894737,17,16,1,"BRYAN",12
"77","BERNI","Por",NA,1,NA,NA,"P",NA,0,1,1,1,"",NA
"78","BERTOLACCI","C",0.8925189394,33,5.9242424242,"Genoa","C",6,5.1447368421,7,8,1,"ME",2
"79","BESSA","C",2.6570767196,28,6.2321428571,"Genoa","C",6,4.5921052632,6,7,1,"",NA
"80","BESSA","T",2.6570767196,28,6.2321428571,"Genoa","C",6,4.5921052632,6,7,1,"",NA
"81","BETTELLA","Dc",NA,1,NA,NA,"D",NA,0,1,1,1,"",NA
"82","BIABIANY","W",NA,10,NA,NA,"C",NA,1.59353006044804,4,5,1,"",NA
"83","BIANDA","Dc",NA,1,NA,NA,"D",NA,0,1,1,1,"",NA
"84","BIGLIA","C",1.0459656085,28,5.9821428571,"Milan","C",6,4.4078947368,8,8,1,"",NA
"85","BIGLIA","M",1.0459656085,28,5.9821428571,"Milan","C",6,4.4078947368,8,8,1,"",NA
"86","BIRAGHI","Ds",1.0875668449,34,5.8970588235,"Fiorentina","D",6,5.2763157895,7,6,1,"GATTI",2
"87","BIRAGHI","E",1.0875668449,34,5.8970588235,"Fiorentina","D",6,5.2763157895,7,6,1,"GATTI",2
"88","BIRASCHI","Dc",0.4160079051,23,5.9347826087,"Genoa","D",6,3.5921052632,6,6,1,"",NA
"89","BIRASCHI","Dd",0.4160079051,23,5.9347826087,"Genoa","D",6,3.5921052632,6,6,1,"",NA
"90","BIRSA","T",1.5764705882,35,6.3,"Chievo","C",6,5.8026315789,12,12,1,"",NA
"91","BOATENG","T",NA,38,NA,NA,"C",NA,6.55701395527912,22,20,1,"ME",25
"92","BOATENG","A",NA,38,NA,NA,"C",NA,6.55701395527912,22,20,1,"ME",25
"93","BOGA","A",NA,31,NA,NA,"C",NA,4.40015620343502,8,8,1,"",NA
"94","BOGA","T",NA,31,NA,NA,"C",NA,4.40015620343502,8,8,1,"",NA
"95","BONAVENTURA","T",4.9947916667,33,6.8333333333,"Milan","C",6,5.9342105263,21,20,1,"VE",23
"96","BONAVENTURA","W",4.9947916667,33,6.8333333333,"Milan","C",6,5.9342105263,21,20,1,"VE",23
"97","BONAVENTURA","C",4.9947916667,33,6.8333333333,"Milan","C",6,5.9342105263,21,20,1,"VE",23
"98","BONIFAZI","Dc",0.4,6,6,"Torino","D",6.25,0.9473684211,2,3,1,"",NA
"99","BONUCCI","Dc",1.4117647059,35,6,"Milan","D",6,5.5263157895,12,12,1,"",NA
"100","BORINI","W",1.4174876847,29,6.1034482759,"Milan","C",6,4.6578947368,6,6,1,"",NA
"101","BORJA VALERO","C",0.9974206349,36,6.0972222222,"Inter","C",6,5.7763157895,5,6,1,"ME",6
"102","BOURABIA","C",NA,10,NA,NA,"C",NA,1.59353006044804,6,5,1,"",NA
"103","BRADARIC","C",NA,30,NA,NA,"C",NA,4.72318396627123,9,9,1,"",NA
"104","BRADARIC","M",NA,30,NA,NA,"C",NA,4.72318396627123,9,9,1,"",NA
"105","BREMER","Dc",NA,1,NA,NA,"D",NA,0,3,4,1,"",NA
"106","BRIGHENTI","Ds",NA,1,NA,NA,"D",NA,0,3,2,1,"",NA
"107","BRIGHENTI","Dc",NA,1,NA,NA,"D",NA,0,3,2,1,"",NA
"108","BRIGHENTI","Dd",NA,1,NA,NA,"D",NA,0,3,2,1,"",NA
"109","BRIGHI","M",NA,1,NA,NA,"C",NA,0,1,2,1,"",NA
"110","BRIGHI","C",NA,1,NA,NA,"C",NA,0,1,2,1,"",NA
"111","BRIGNOLA","A",2.3897058824,18,6.75,"Benevento","A",6.5,3.1973684211,8,9,1,"",NA
"112","BROZOVIC","C",3.1478494624,31,6.7419354839,"Inter","C",6,5.5,15,16,1,"",NA
"113","BROZOVIC","T",3.1478494624,31,6.7419354839,"Inter","C",6,5.5,15,16,1,"",NA
"114","BRUNO ALVES","Dc",NA,10,NA,NA,"D",NA,1.59353006044804,6,5,1,"",NA
"115","BRUNO JORDAO","C",NA,1,NA,NA,"C",NA,0,1,1,1,"",NA
"116","CACCIATORE","Ds",1.0771780303,33,6.0303030303,"Chievo","D",6,5.2368421053,7,7,1,"",NA
"117","CACCIATORE","Dd",1.0771780303,33,6.0303030303,"Chievo","D",6,5.2368421053,7,7,1,"",NA
"118","CACCIATORE","E",1.0771780303,33,6.0303030303,"Chievo","D",6,5.2368421053,7,7,1,"",NA
"119","CACERES","Dd",2.8947368421,20,6.5,"Lazio","D",6,3.4210526316,5,5,1,"",NA
"120","CACERES","Dc",2.8947368421,20,6.5,"Lazio","D",6,3.4210526316,5,5,1,"",NA
"121","CAICEDO","Pc",2.5649350649,22,6.2727272727,"Lazio","A",6,3.6315789474,5,6,1,"",NA
"122","CALABRESI","Dd",NA,1,NA,NA,"D",NA,0,1,1,1,"",NA
"123","CALABRESI","Dc",NA,1,NA,NA,"D",NA,0,1,1,1,"",NA
"124","CALABRIA","Dd",1.7654761905,21,6.2619047619,"Milan","D",6,3.4605263158,7,6,1,"ME",9
"125","CALABRIA","E",1.7654761905,21,6.2619047619,"Milan","D",6,3.4605263158,7,6,1,"ME",9
"126","CALAIO'","Pc",NA,1,NA,NA,"A",NA,0,1,1,1,"",NA
"127","CALDARA","Dc",2.9125905797,24,6.3958333333,"Atalanta","D",6,4.0394736842,11,12,1,"",NA
"128","CALHANOGLU","A",3.7198924731,31,6.8548387097,"Milan","C",6.5,5.5921052632,20,21,1,"",NA
"129","CALHANOGLU","T",3.7198924731,31,6.8548387097,"Milan","C",6.5,5.5921052632,20,21,1,"",NA
"130","CALLEJON","A",4.3842460882,38,7.1184210526,"Napoli","A",6.5,7.1184210526,21,21,1,"ME",15
"131","CALLEJON","W",4.3842460882,38,7.1184210526,"Napoli","A",6.5,7.1184210526,21,21,1,"ME",15
"132","CAMPBELL","A",NA,35,NA,NA,"A",NA,5.42487565640231,11,12,1,"",NA
"133","CAN ","M",NA,33,NA,NA,"C",NA,6.44528834949885,18,19,1,"ME",1
"134","CAN ","C",NA,33,NA,NA,"C",NA,6.44528834949885,18,19,1,"ME",1
"135","CANCELO","Dd",0.9153846154,26,6.3461538462,"Inter","D",6,4.3421052632,14,14,1,"",NA
"136","CANCELO","E",0.9153846154,26,6.3461538462,"Inter","D",6,4.3421052632,14,14,1,"",NA
"137","CANDREVA","W",0.835515873,36,6.2638888889,"Inter","C",6,5.9342105263,13,13,1,"",NA
"138","CAPEZZI","C",0.0666666667,6,6.1666666667,"Sampdoria","C",6,0.9736842105,4,4,1,"",NA
"139","CAPEZZI","M",0.0666666667,6,6.1666666667,"Sampdoria","C",6,0.9736842105,4,4,1,"",NA
"140","CAPRARI","T",2.4830659537,34,6.3235294118,"Sampdoria","A",6,5.6578947368,9,10,1,"",NA
"141","CAPRARI","A",2.4830659537,34,6.3235294118,"Sampdoria","A",6,5.6578947368,9,10,1,"",NA
"142","CAPUANO","Ds",0.44,25,5.74,"Crotone","D",6,3.7763157895,4,5,1,"",NA
"143","CAPUANO","Dc",0.44,25,5.74,"Crotone","D",6,3.7763157895,4,5,1,"",NA
"144","CAPUTO","Pc",NA,36,NA,NA,"A",NA,5.77425714782098,14,14,1,"",NA
"145","CASSATA","C",2.2805555556,10,6.15,"Sassuolo","C",6,1.6184210526,2,2,1,"",NA
"146","CASTAGNE","Dd",0.4861842105,20,6.025,"Atalanta","D",6,3.1710526316,7,6,1,"",NA
"147","CASTAGNE","E",0.4861842105,20,6.025,"Atalanta","D",6,3.1710526316,7,6,1,"",NA
"148","CASTILLEJO","A",NA,38,NA,NA,"A",NA,6.06972619871497,15,16,1,"",NA
"149","CASTILLEJO","W",NA,38,NA,NA,"A",NA,6.06972619871497,15,16,1,"",NA
"150","CASTRO","C",3.5308333333,25,6.52,"Chievo","C",6,4.2894736842,11,12,1,"",NA
"151","CASTRO","T",3.5308333333,25,6.52,"Chievo","C",6,4.2894736842,11,12,1,"",NA
"152","CATALDI","M",0.9396551724,29,5.7586206897,"Benevento","C",5.5,4.3947368421,3,4,1,"",NA
"153","CATALDI","C",0.9396551724,29,5.7586206897,"Benevento","C",5.5,4.3947368421,3,4,1,"",NA
"154","CECCHERINI","Dc",1.0671921922,37,5.9054054054,"Crotone","D",6,5.75,5,6,1,"BRYAN",11
"155","CECCHERINI","Dd",1.0671921922,37,5.9054054054,"Crotone","D",6,5.75,5,6,1,"BRYAN",11
"156","CEPPITELLI","Dc",1.9294871795,27,6.2777777778,"Cagliari","D",6,4.4605263158,7,8,1,"",NA
"157","CERAVOLO","Pc",NA,1,5.5,"Benevento","A",5.5,0.1447368421,9,10,1,"",NA
"158","CERRI","Pc",NA,21,NA,NA,"A",NA,3.98451169561749,6,7,1,"",NA
"159","CESAR","Dc",0.3027777778,10,5.55,"Chievo","D",5.75,1.4605263158,1,1,1,"",NA
"160","CHIBSAH","C",0.4903846154,14,5.25,"Benevento","C",5,1.9342105263,4,3,1,"",NA
"161","CHIBSAH","M",0.4903846154,14,5.25,"Benevento","C",5,1.9342105263,4,3,1,"",NA
"162","CHIELLINI","Dc",0.2446153846,26,6.2307692308,"Juventus","D",6,4.2631578947,13,12,1,"",NA
"163","CHIRICHES","Dc",0.1547619048,7,5.7857142857,"Napoli","D",5.5,1.0657894737,2,3,1,"",NA
"164","CIANO","A",NA,37,NA,NA,"A",NA,4.99092040443647,10,10,1,"",NA
"165","CICIRETTI","T",2.384469697,12,6.5416666667,"Benevento","C",6,2.0657894737,11,12,1,"",NA
"166","CICIRETTI","W",2.384469697,12,6.5416666667,"Benevento","C",6,2.0657894737,11,12,1,"",NA
"167","CIGARINI","C",2.1984615385,26,5.9615384615,"Cagliari","C",6,4.0789473684,6,7,1,"BRYAN",6
"168","CIGARINI","M",2.1984615385,26,5.9615384615,"Cagliari","C",6,4.0789473684,6,7,1,"BRYAN",6
"169","CIOFANI D","Pc",NA,21,NA,NA,"A",NA,3.37178786018851,5,6,1,"",NA
"170","CIONEK","Dc",0.9452380952,15,6.3666666667,"SPAL","D",6.5,2.5131578947,9,9,1,"",NA
"171","COLIDIO","Pc",NA,1,NA,NA,"A",NA,0,1,1,1,"",NA
"172","COLLEY","Dc",NA,21,NA,NA,"D",NA,3.98451169561749,6,7,1,"",NA
"173","CONSIGLI","Por",4.6336336336,37,4.7567567568,"Sassuolo","P",5,4.6315789474,9,9,1,"",NA
"174","CONTI","Dd",0.125,2,6.25,"Milan","D",6.25,0.3289473684,6,7,1,"",NA
"175","CONTI","E",0.125,2,6.25,"Milan","D",6.25,0.3289473684,6,7,1,"",NA
"176","CORIC","C",NA,1,NA,NA,"C",NA,0,2,3,1,"",NA
"177","CORIC","T",NA,1,NA,NA,"C",NA,0,2,3,1,"",NA
"178","CORREA","T",NA,35,NA,NA,"C",NA,5.42487565640231,12,12,1,"",NA
"179","CORREA","A",NA,35,NA,NA,"C",NA,5.42487565640231,12,12,1,"",NA
"180","COSTA F","E",0.3932806324,23,5.9347826087,"SPAL","D",6,3.5921052632,3,4,1,"",NA
"181","COSTA F","Ds",0.3932806324,23,5.9347826087,"SPAL","D",6,3.5921052632,3,4,1,"",NA
"182","COULIBALY","C",NA,1,NA,NA,"C",NA,0,1,1,1,"",NA
"183","CRAGNO","Por",3.6878078818,29,4.7931034483,"Cagliari","P",5,3.6578947368,8,8,1,"",NA
"184","CRISCITO","Ds",NA,30,NA,NA,"D",NA,4.72318396627123,9,9,1,"",NA
"185","CRISCITO","Dc",NA,30,NA,NA,"D",NA,4.72318396627123,9,9,1,"",NA
"186","CRISETIG","M",0.0714285714,8,5.75,"Bologna","C",5.75,1.2105263158,5,5,1,"",NA
"187","CRISETIG","C",0.0714285714,8,5.75,"Bologna","C",5.75,1.2105263158,5,5,1,"",NA
"188","CRISTANTE","T",4.3117063492,36,6.8472222222,"Atalanta","C",6,6.4868421053,17,18,1,"",NA
"189","CRISTANTE","C",4.3117063492,36,6.8472222222,"Atalanta","C",6,6.4868421053,17,18,1,"",NA
"190","CRISTIANO RONALDO","Pc",NA,33,NA,NA,"A",NA,8.57623259552068,45,49,1,"BRYAN",60
"191","CUADRADO","W",2.3119047619,21,7.1904761905,"Juventus","C",7,3.9736842105,17,18,1,"",NA
"192","CUTRONE","Pc",6.8237433862,28,7.2678571429,"Milan","A",6,5.3552631579,17,17,1,"",NA
"193","D'ALESSANDRO","W",1.2625,16,6.4375,"Benevento","C",6.25,2.7105263158,3,3,1,"",NA
"194","D'AMBROSIO","Dd",1.4699197861,34,6.1911764706,"Inter","D",6,5.5394736842,7,8,1,"ME",6
"195","D'AMBROSIO","E",1.4699197861,34,6.1911764706,"Inter","D",6,5.5394736842,7,8,1,"ME",6
"196","D'AMBROSIO","Ds",1.4699197861,34,6.1911764706,"Inter","D",6,5.5394736842,7,8,1,"ME",6
"197","DA COSTA","Por",1.5625,4,5.125,"Bologna","P",5.25,0.5394736842,1,1,1,"",NA
"198","DA CRUZ","A",NA,10,NA,NA,"A",NA,1.59353006044804,5,5,1,"",NA
"199","DABO","M",2.1777777778,10,6.2,"Fiorentina","C",6,1.6315789474,7,7,1,"",NA
"200","DABO","C",2.1777777778,10,6.2,"Fiorentina","C",6,1.6315789474,7,7,1,"",NA
"201","DALBERT","Ds",0.1923076923,13,5.7307692308,"Inter","D",6,1.9605263158,3,3,1,"",NA
"202","DALBERT","E",0.1923076923,13,5.7307692308,"Inter","D",6,1.9605263158,3,3,1,"",NA
"203","DALMONTE","A",NA,1,NA,NA,"A",NA,0,1,1,1,"",NA
"204","DAMASCAN","Pc",NA,1,NA,NA,"A",NA,0,1,1,1,"",NA
"205","DANILO","Dc",0.7134576613,32,5.859375,"Udinese","D",6,4.9342105263,9,8,1,"",NA
"206","DE MAIO","Dc",1.3784615385,26,6.0384615385,"Bologna","D",5.75,4.1315789474,6,7,1,"",NA
"207","DE PAUL","W",2.5664414414,37,6.4459459459,"Udinese","C",6,6.2763157895,16,15,1,"",NA
"208","DE PAUL","T",2.5664414414,37,6.4459459459,"Udinese","C",6,6.2763157895,16,15,1,"",NA
"209","DE ROON","M",1.4048573975,34,6.1617647059,"Atalanta","C",6,5.5131578947,8,8,1,"",NA
"210","DE ROON","C",1.4048573975,34,6.1617647059,"Atalanta","C",6,5.5131578947,8,8,1,"",NA
"211","DE ROSSI","C",1.2056277056,22,6.0909090909,"Roma","C",6,3.5263157895,8,8,1,"BRYAN",15
"212","DE ROSSI","M",1.2056277056,22,6.0909090909,"Roma","C",6,3.5263157895,8,8,1,"BRYAN",15
"213","DE SCIGLIO","Ds",1.196969697,12,6.6666666667,"Juventus","D",6.5,2.1052631579,6,7,1,"ME",3
"214","DE SCIGLIO","E",1.196969697,12,6.6666666667,"Juventus","D",6.5,2.1052631579,6,7,1,"ME",3
"215","DE SCIGLIO","Dd",1.196969697,12,6.6666666667,"Juventus","D",6.5,2.1052631579,6,7,1,"ME",3
"216","DE SILVESTRI","Dd",2.2785714286,35,6.5285714286,"Torino","D",6,6.0131578947,14,14,1,"ME",10
"217","DE SILVESTRI","E",2.2785714286,35,6.5285714286,"Torino","D",6,6.0131578947,14,14,1,"ME",10
"218","DE VRIJ","Dc",1.9777777778,36,6.7777777778,"Lazio","D",6.5,6.4210526316,18,17,1,"GATTI",18
"219","DEFREL","Pc",1.1595238095,15,5.8666666667,"Roma","A",5.5,2.3157894737,22,20,1,"",NA
"220","DEIOLA","C",0.1442307692,13,5.9615384615,"Cagliari","C",6,2.0394736842,3,3,1,"",NA
"221","DEIOLA","M",0.1442307692,13,5.9615384615,"Cagliari","C",6,2.0394736842,3,3,1,"",NA
"222","DELL'ORCO","Dc",0.3169642857,8,6.0625,"Sassuolo","D",6,1.2763157895,3,4,1,"",NA
"223","DELL'ORCO","Ds",0.3169642857,8,6.0625,"Sassuolo","D",6,1.2763157895,3,4,1,"",NA
"224","DEPAOLI","E",0.2032163743,19,5.7894736842,"Chievo","C",6,2.8947368421,5,4,1,"",NA
"225","DEPAOLI","M",0.2032163743,19,5.7894736842,"Chievo","C",6,2.8947368421,5,4,1,"",NA
"226","DEPAOLI","Dd",0.2032163743,19,5.7894736842,"Chievo","C",6,2.8947368421,5,4,1,"",NA
"227","DESSENA","E",0.0955882353,17,5.7941176471,"Cagliari","C",6,2.5921052632,3,3,1,"",NA
"228","DESSENA","M",0.0955882353,17,5.7941176471,"Cagliari","C",6,2.5921052632,3,3,1,"",NA
"229","DESTRO","Pc",5.0338461538,26,6.5769230769,"Bologna","A",6,4.5,12,13,1,"",NA
"230","DEZI","C",NA,10,NA,NA,"C",NA,1.59353006044804,4,5,1,"",NA
"231","DI CESARE","Dc",NA,1,NA,NA,"D",NA,0,2,3,1,"",NA
"232","DI FRANCESCO F","W",1.0851449275,24,6.2916666667,"Bologna","A",6,3.9736842105,13,14,1,"",NA
"233","DI FRANCESCO F","A",1.0851449275,24,6.2916666667,"Bologna","A",6,3.9736842105,13,14,1,"",NA
"234","DI GAUDIO","A",NA,1,NA,NA,"C",NA,0,4,4,1,"",NA
"235","DI GAUDIO","W",NA,1,NA,NA,"C",NA,0,4,4,1,"",NA
"236","DI LORENZO","E",NA,10,NA,NA,"D",NA,1.59353006044804,6,5,1,"",NA
"237","DI LORENZO","Dd",NA,10,NA,NA,"D",NA,1.59353006044804,6,5,1,"",NA
"238","DIAWARA","M",1.033496732,18,6.3055555556,"Napoli","C",6,2.9868421053,9,9,1,"",NA
"239","DIAWARA","C",1.033496732,18,6.3055555556,"Napoli","C",6,2.9868421053,9,9,1,"",NA
"240","DICKMANN","Dd",NA,1,NA,NA,"D",NA,0,1,2,1,"",NA
"241","DICKMANN","E",NA,1,NA,NA,"D",NA,0,1,2,1,"",NA
"242","DIJKS","E",NA,10,NA,NA,"D",NA,1.59353006044804,7,5,1,"",NA
"243","DIJKS","Ds",NA,10,NA,NA,"D",NA,1.59353006044804,7,5,1,"",NA
"244","DIKS","Dd",NA,1,NA,NA,"D",NA,0,3,4,1,"",NA
"245","DIKS","E",NA,1,NA,NA,"D",NA,0,3,4,1,"",NA
"246","DIMARCO","Ds",NA,10,NA,NA,"D",NA,1.59353006044804,4,5,1,"",NA
"247","DIMARCO","E",NA,10,NA,NA,"D",NA,1.59353006044804,4,5,1,"",NA
"248","DIONISI","Pc",NA,33,NA,NA,"A",NA,5.2214092515681,10,11,1,"",NA
"249","DJIDJI","Dc",NA,10,NA,NA,"D",NA,1.59353006044804,4,5,1,"",NA
"250","DJIDJI","Ds",NA,10,NA,NA,"D",NA,1.59353006044804,4,5,1,"",NA
"251","DJIMSITI","Dc",0.6333333333,30,5.5666666667,"Benevento","D",5.5,4.3947368421,3,2,1,"",NA
"252","DJORDJEVIC","Pc",NA,33,NA,NA,"A",NA,5.2214092515681,10,11,1,"",NA
"253","DJOUROU","Dc",NA,31,NA,NA,"D",NA,4.40015620343502,7,8,1,"",NA
"254","DJURICIC","T",0.6,16,6,"Benevento","C",6,2.5263157895,4,5,1,"",NA
"255","DONNARUMMA A","Por",NA,1,NA,NA,"P",NA,0,1,1,1,"",NA
"256","DONNARUMMA G","Por",1.5741465149,38,4.9868421053,"Milan","P",5,4.9868421053,11,12,1,"",NA
"257","DONSAH","C",1.4523809524,28,6.2857142857,"Bologna","C",6,4.6315789474,7,8,1,"",NA
"258","DONSAH","M",1.4523809524,28,6.2857142857,"Bologna","C",6,4.6315789474,7,8,1,"",NA
"259","DOUGLAS COSTA","W",2.247311828,31,7.2258064516,"Juventus","C",6.5,5.8947368421,24,24,1,"GATTI",20
"260","DRAGOWSKI","Por",5.3333333333,3,2.8333333333,"Fiorentina","P",1.5,0.2236842105,2,1,1,"",NA
"261","DUNCAN","C",0.5815384615,26,5.8076923077,"Sassuolo","C",5.75,3.9736842105,8,8,1,"",NA
"262","DUNCAN","M",0.5815384615,26,5.8076923077,"Sassuolo","C",5.75,3.9736842105,8,8,1,"",NA
"263","DURMISI","Ds",NA,10,NA,NA,"D",NA,1.59353006044804,4,5,1,"",NA
"264","DURMISI","E",NA,10,NA,NA,"D",NA,1.59353006044804,4,5,1,"",NA
"265","DYBALA","A",17.4105113636,33,8.3636363636,"Juventus","A",6.5,7.2631578947,33,36,1,"VE",30
"266","DZEKO","Pc",8.8259920635,36,7.6527777778,"Roma","A",6,7.25,34,35,1,"GATTI",21
"267","DZEMAILI","T",1.4357142857,15,6.1,"Bologna","C",6,2.4078947368,11,13,1,"",NA
"268","DZEMAILI","C",1.4357142857,15,6.1,"Bologna","C",6,2.4078947368,11,13,1,"",NA
"269","EDERA","A",1.1607142857,14,6.3928571429,"Torino","A",6,2.3552631579,3,4,1,"",NA
"270","EKDAL","C",NA,31,NA,NA,"C",NA,4.40015620343502,8,8,1,"",NA
"271","EKDAL","M",NA,31,NA,NA,"C",NA,4.40015620343502,8,8,1,"",NA
"272","EL SHAARAWY","A",4.3285984848,33,6.7121212121,"Roma","A",6,5.8289473684,15,16,1,"ME",12
"273","EVERTON LUIZ","M",0.2545454545,11,5.8636363636,"SPAL","C",6,1.6973684211,6,6,1,"",NA
"274","EVERTON LUIZ","C",0.2545454545,11,5.8636363636,"SPAL","C",6,1.6973684211,6,6,1,"",NA
"275","EYSSERIC","T",1.0476190476,21,6.119047619,"Fiorentina","C",6,3.3815789474,9,8,1,"",NA
"276","EYSSERIC","W",1.0476190476,21,6.119047619,"Fiorentina","C",6,3.3815789474,9,8,1,"",NA
"277","FALCINELLI","Pc",1.318296371,32,5.890625,"Fiorentina","A",5.5,4.9605263158,15,16,1,"",NA
"278","FARAGO'","Dd",3.7261904762,7,7.6428571429,"Cagliari","D",7.5,1.4078947368,4,4,1,"",NA
"279","FARAGO'","E",3.7261904762,7,7.6428571429,"Cagliari","D",7.5,1.4078947368,4,4,1,"",NA
"280","FARES","E",0.3862068966,30,5.4,"Verona","C",5.5,4.2631578947,4,5,1,"BRYAN",2
"281","FARIAS","A",1.9083994709,28,5.9107142857,"Cagliari","A",5.75,4.3552631579,11,12,1,"",NA
"282","FAVILLI","Pc",NA,37,NA,NA,"A",NA,4.99092040443647,10,10,1,"",NA
"283","FAZIO","Dc",1.2230392157,34,6.3382352941,"Roma","D",6.25,5.6710526316,11,11,1,"ME",12
"284","FELIPE","Dc",1.2876436782,30,5.8833333333,"SPAL","D",6,4.6447368421,6,6,1,"",NA
"285","FERNANDES","C",NA,21,NA,NA,"C",NA,3.98451169561749,7,7,1,"",NA
"286","FERRARI A","Dd",1.2641666667,25,5.58,"Verona","D",5.5,3.6710526316,3,4,1,"",NA
"287","FERRARI A","Dc",1.2641666667,25,5.58,"Verona","D",5.5,3.6710526316,3,4,1,"",NA
"288","FERRARI G","Dc",1.7704022989,30,5.8833333333,"Sampdoria","D",5.75,4.6447368421,10,8,1,"",NA
"289","FLOCCARI","Pc",3.5947368421,20,6.4,"SPAL","A",6,3.3684210526,4,5,1,"",NA
"290","FLORENZI","E",1.5393145161,32,6.15625,"Roma","D",6,5.1842105263,14,14,1,"BRYAN",10
"291","FLORENZI","Dd",1.5393145161,32,6.15625,"Roma","D",6,5.1842105263,14,14,1,"BRYAN",10
"292","FOFANA","C",2.4707977208,27,5.9814814815,"Udinese","C",5.5,4.25,10,9,1,"",NA
"293","FOFANA","M",2.4707977208,27,5.9814814815,"Udinese","C",5.5,4.25,10,9,1,"",NA
"294","FRATTALI","Por",NA,1,NA,NA,"P",NA,0,1,1,1,"",NA
"295","FREULER","C",2.4966386555,35,6.6571428571,"Atalanta","C",6,6.1315789474,16,16,1,"ME",6
"296","FULIGNATI","Por",NA,1,NA,NA,"P",NA,0,1,1,1,"",NA
"297","FUZATO","Por",NA,1,NA,NA,"P",NA,0,1,1,1,"",NA
"298","GAGLIARDINI","M",0.2540229885,30,5.7666666667,"Inter","C",6,4.5526315789,6,7,1,"",NA
"299","GAGLIARDINI","C",0.2540229885,30,5.7666666667,"Inter","C",6,4.5526315789,6,7,1,"",NA
"300","GAGLIOLO","Ds",NA,21,NA,NA,"D",NA,3.37178786018851,7,6,1,"",NA
"301","GAGLIOLO","Dc",NA,21,NA,NA,"D",NA,3.37178786018851,7,6,1,"",NA
"302","GAZZOLA","Dd",0.1944444444,9,5.7777777778,"Sassuolo","D",6,1.3684210526,4,5,1,"",NA
"303","GAZZOLA","E",0.1944444444,9,5.7777777778,"Sassuolo","D",6,1.3684210526,4,5,1,"",NA
"304","GERSON","C",2.6286231884,24,6.2083333333,"Roma","C",6,3.9210526316,12,11,1,"",NA
"305","GERSON","T",2.6286231884,24,6.2083333333,"Roma","C",6,3.9210526316,12,11,1,"",NA
"306","GERVINHO","A",NA,37,NA,NA,"A",NA,4.99092040443647,11,10,1,"",NA
"307","GHIDOTTI","Por",NA,1,NA,NA,"P",NA,0,1,1,1,"",NA
"308","GHIGLIONE","Dd",NA,1,NA,NA,"D",NA,0,2,2,1,"",NA
"309","GHIGLIONE","E",NA,1,NA,NA,"D",NA,0,2,2,1,"",NA
"310","GHOULAM","Ds",4.1045454545,11,7.3636363636,"Napoli","D",6.5,2.1315789474,8,9,1,"",NA
"311","GHOULAM","E",4.1045454545,11,7.3636363636,"Napoli","D",6.5,2.1315789474,8,9,1,"",NA
"312","GIACCHERINI","W",2.8363970588,17,6.6470588235,"Chievo","C",6,2.9736842105,14,14,1,"",NA
"313","GIACCHERINI","T",2.8363970588,17,6.6470588235,"Chievo","C",6,2.9736842105,14,14,1,"",NA
"314","GOBBI","E",0.5416666667,24,5.7083333333,"Chievo","D",5.75,3.6052631579,3,2,1,"",NA
"315","GOBBI","Ds",0.5416666667,24,5.7083333333,"Chievo","D",5.75,3.6052631579,3,2,1,"",NA
"316","GOLLINI","Por",1,7,5.5,"Atalanta","P",6,1.0131578947,1,1,1,"",NA
"317","GOMEZ A","A",3.9294507576,33,6.9848484848,"Atalanta","A",6.5,6.0657894737,24,23,1,"BRYAN",20
"318","GOMIS A","Por",2.8538461538,26,4.5769230769,"SPAL","P",4.5,3.1315789474,4,1,1,"",NA
"319","GONZALEZ G","Dc",0.6174242424,22,5.6136363636,"Bologna","D",5.5,3.25,6,6,1,"",NA
"320","GORI","M",NA,1,NA,NA,"C",NA,0,1,1,1,"",NA
"321","GORI","C",NA,1,NA,NA,"C",NA,0,1,1,1,"",NA
"322","GOSENS","E",0.8642857143,21,6.2142857143,"Atalanta","D",6,3.4342105263,7,7,1,"",NA
"323","GOSENS","Ds",0.8642857143,21,6.2142857143,"Atalanta","D",6,3.4342105263,7,7,1,"",NA
"324","GRAICIAR","Pc",NA,1,NA,NA,"A",NA,0,1,1,1,"",NA
"325","GRASSI","C",1.6058201058,28,6.4285714286,"SPAL","C",6,4.7368421053,9,9,1,"",NA
"326","GUERRIERI","Por",NA,1,NA,NA,"P",NA,0,1,1,1,"",NA
"327","GUNTER","Dc",NA,1,NA,NA,"D",NA,0,3,3,1,"",NA
"328","HALILOVIC","T",NA,1,NA,NA,"C",NA,0,1,2,1,"",NA
"329","HALLFREDSSON","M",0.3669590643,19,5.8157894737,"Udinese","C",6,2.9078947368,2,3,1,"",NA
"330","HALLFREDSSON","C",0.3669590643,19,5.8157894737,"Udinese","C",6,2.9078947368,2,3,1,"",NA
"331","HAMSIK","C",2.9345661451,38,6.6052631579,"Napoli","C",6,6.6052631579,14,15,1,"ME",15
"332","HAMSIK","T",2.9345661451,38,6.6052631579,"Napoli","C",6,6.6052631579,14,15,1,"ME",15
"333","HANCKO","Ds",NA,1,NA,NA,"D",NA,0,2,3,1,"",NA
"334","HANCKO","Dc",NA,1,NA,NA,"D",NA,0,2,3,1,"",NA
"335","HANDANOVIC","Por",1.3513513514,38,5.5,"Inter","P",5.75,5.5,15,16,1,"ME",28
"336","HELANDER","Dc",0.3552955665,29,5.8620689655,"Bologna","D",6,4.4736842105,7,7,1,"ME",1
"337","HETEMAJ","M",1.9798387097,32,6.3125,"Chievo","C",6,5.3157894737,5,6,1,"ME",1
"338","HETEMAJ","E",1.9798387097,32,6.3125,"Chievo","C",6,5.3157894737,5,6,1,"ME",1
"339","HIGUAIN","Pc",8.3962184874,35,7.5285714286,"Juventus","A",6.5,6.9342105263,32,33,1,"BRYAN",23
"340","HILJEMARK","C",0.8285714286,15,6.1,"Genoa","C",6,2.4078947368,6,6,1,"",NA
"341","HYSAJ","E",0.2785714286,35,5.9714285714,"Napoli","D",6,5.5,9,9,1,"",NA
"342","HYSAJ","Ds",0.2785714286,35,5.9714285714,"Napoli","D",6,5.5,9,9,1,"",NA
"343","HYSAJ","Dd",0.2785714286,35,5.9714285714,"Napoli","D",6,5.5,9,9,1,"",NA
"344","IACOBUCCI","Por",NA,1,NA,NA,"P",NA,0,1,1,1,"",NA
"345","IACOPONI","Dd",NA,1,NA,NA,"D",NA,0,2,2,1,"",NA
"346","IACOPONI","Dc",NA,1,NA,NA,"D",NA,0,2,2,1,"",NA
"347","IAGO FALQUE","A",5.0743243243,37,7.3108108108,"Torino","A",6,7.1184210526,25,25,1,"ME",18
"348","ICARDI","Pc",18.5231729055,34,8.8529411765,"Inter","A",9.5,7.9210526316,37,39,1,"ME",51
"349","ICHAZO","Por",NA,1,NA,NA,"P",NA,0,1,1,1,"",NA
"350","ILICIC","T",8.3962365591,31,7.7903225806,"Atalanta","C",6.5,6.3552631579,24,26,1,"ME",2
"351","ILICIC","A",8.3962365591,31,7.7903225806,"Atalanta","C",6.5,6.3552631579,24,26,1,"ME",2
"352","IMMOBILE","Pc",20.2357954545,33,9.2727272727,"Lazio","A",8.5,8.0526315789,39,41,1,"VE",45
"353","INGELSSON","C",2.2380952381,7,6.2142857143,"Udinese","C",6,1.1447368421,1,1,1,"",NA
"354","INGELSSON","W",2.2380952381,7,6.2142857143,"Udinese","C",6,1.1447368421,1,1,1,"",NA
"355","INGLESE","Pc",6.1737967914,34,6.9117647059,"Chievo","A",5.75,6.1842105263,14,13,1,"",NA
"356","INSIGNE","A",3.9808558559,37,7.2567567568,"Napoli","A",6.5,7.0657894737,26,27,1,"VE",30
"357","IONITA","T",0.2339285714,36,5.7916666667,"Cagliari","C",5.75,5.4868421053,8,9,1,"",NA
"358","IONITA","C",0.2339285714,36,5.7916666667,"Cagliari","C",5.75,5.4868421053,8,9,1,"",NA
"359","IZZO","Dc",1.05,16,6.125,"Genoa","D",6,2.5789473684,9,9,1,"",NA
"360","IZZO","Dd",1.05,16,6.125,"Genoa","D",6,2.5789473684,9,9,1,"",NA
"361","JAKUPOVIC","Pc",NA,1,NA,NA,"A",NA,0,1,1,1,"",NA
"362","JANKTO","C",2.8593253968,36,6.4305555556,"Udinese","C",6,6.0921052632,14,15,1,"",NA
"363","JAROSZYNSKI","E",0.3136363636,11,5.6818181818,"Chievo","D",6,1.6447368421,4,5,1,"",NA
"364","JAROSZYNSKI","Ds",0.3136363636,11,5.6818181818,"Chievo","D",6,1.6447368421,4,5,1,"",NA
"365","JOAO MARIO","C",0.3791208791,14,6.0714285714,"Inter","C",6,2.2368421053,3,3,1,"",NA
"366","JOAO MARIO","T",0.3791208791,14,6.0714285714,"Inter","C",6,2.2368421053,3,3,1,"",NA
"367","JOAO PEDRO","T",3.2359307359,22,6.4545454545,"Cagliari","C",5.75,3.7368421053,12,13,1,"",NA
"368","JUAN JESUS","Dc",0.4464285714,22,5.75,"Roma","D",6,3.3289473684,6,7,1,"",NA
"369","JUAN JESUS","Ds",0.4464285714,22,5.75,"Roma","D",6,3.3289473684,6,7,1,"",NA
"370","JUNIOR TAVARES","E",NA,1,NA,NA,"D",NA,0,2,3,1,"",NA
"371","JUNIOR TAVARES","Ds",NA,1,NA,NA,"D",NA,0,2,3,1,"",NA
"372","KARNEZIS","Por",NA,1,NA,NA,"P",NA,0,1,1,1,"",NA
"373","KARSDORP","E",NA,1,5.5,"Roma","D",5.5,0.1447368421,5,6,1,"",NA
"374","KARSDORP","Dd",NA,1,5.5,"Roma","D",5.5,0.1447368421,5,6,1,"",NA
"375","KATUMA","E",NA,1,NA,NA,"C",NA,0,1,1,1,"",NA
"376","KATUMA","C",NA,1,NA,NA,"C",NA,0,1,1,1,"",NA
"377","KEAN","Pc",5.1725146199,19,6.3157894737,"Verona","A",5.5,3.1578947368,6,7,1,"",NA
"378","KEITA B","A",NA,33,NA,"Inter","A",NA,6.44528834949885,18,19,1,"GATTI",12
"379","KESSIE'","M",3.6174924925,37,6.2972972973,"Milan","C",6,6.1315789474,12,11,1,"",NA
"380","KESSIE'","C",3.6174924925,37,6.2972972973,"Milan","C",6,6.1315789474,12,11,1,"",NA
"381","KHEDIRA","C",9.5834615385,26,7.2884615385,"Juventus","C",6,4.9868421053,19,18,1,"GATTI",16
"382","KIYINE","C",NA,1,NA,NA,"C",NA,0,3,3,1,"",NA
"383","KIYINE","W",NA,1,NA,NA,"C",NA,0,3,3,1,"",NA
"384","KIYINE","T",NA,1,NA,NA,"C",NA,0,3,3,1,"",NA
"385","KLAVAN","Dc",NA,21,NA,NA,"D",NA,3.98451169561749,7,7,1,"",NA
"386","KLUIVERT","A",NA,35,NA,NA,"A",NA,6.32743049589528,18,18,1,"",NA
"387","KOLAROV","Ds",1.637394958,35,6.6285714286,"Roma","D",6.5,6.1052631579,16,17,1,"",NA
"388","KOLAROV","E",1.637394958,35,6.6285714286,"Roma","D",6.5,6.1052631579,16,17,1,"",NA
"389","KOUAME'","Pc",NA,1,NA,NA,"A",NA,0,5,3,1,"",NA
"390","KOULIBALY","Dc",2.5785714286,35,6.7285714286,"Napoli","D",6.5,6.1973684211,15,17,1,"BRYAN",17
"391","KOWNACKI","Pc",2.8939393939,22,6.6818181818,"Sampdoria","A",6,3.8684210526,10,11,1,"",NA
"392","KRAJNC","Dc",NA,1,NA,NA,"D",NA,0,4,4,1,"",NA
"393","KREJCI","W",0.1571969697,12,5.7083333333,"Bologna","C",6,1.8026315789,4,5,1,"",NA
"394","KRUNIC","T",NA,30,NA,NA,"C",NA,4.72318396627123,10,9,1,"",NA
"395","KRUNIC","C",NA,30,NA,NA,"C",NA,4.72318396627123,10,9,1,"",NA
"396","KULUSEVSKI","C",NA,1,NA,NA,"C",NA,0,1,1,1,"",NA
"397","KULUSEVSKI","T",NA,1,NA,NA,"C",NA,0,1,1,1,"",NA
"398","KURTIC","C",1.791954023,30,6.0333333333,"SPAL","C",5.5,4.7631578947,10,9,1,"",NA
"399","KURTIC","T",1.791954023,30,6.0333333333,"SPAL","C",5.5,4.7631578947,10,9,1,"",NA
"400","LA GUMINA","Pc",NA,35,NA,NA,"A",NA,5.42487565640231,11,12,1,"",NA
"401","LAFONT","Por",NA,37,NA,NA,"P",NA,4.99092040443647,10,10,1,"",NA
"402","LAKICEVIC","E",NA,10,NA,NA,"D",NA,1.59353006044804,4,5,1,"",NA
"403","LAKICEVIC","Dd",NA,10,NA,NA,"D",NA,1.59353006044804,4,5,1,"",NA
"404","LAPADULA","Pc",2.7337962963,28,6.375,"Genoa","A",5.5,4.6973684211,11,12,1,"VE",6
"405","LASAGNA","Pc",NA,29,7.4655172414,"Udinese","A",6.5,5.6973684211,20,22,1,"",NA
"406","LAURINI","Dd",0.3376623377,22,5.8636363636,"Fiorentina","D",6,3.3947368421,2,3,1,"",NA
"407","LAURINI","E",0.3376623377,22,5.8636363636,"Fiorentina","D",6,3.3947368421,2,3,1,"",NA
"408","LAXALT","E",1.8324092742,32,6.328125,"Genoa","C",6,5.3289473684,9,9,1,"",NA
"409","LAZOVIC","C",0.2369047619,21,6.0238095238,"Genoa","C",6,3.3289473684,5,5,1,"",NA
"410","LAZOVIC","E",0.2369047619,21,6.0238095238,"Genoa","C",6,3.3289473684,5,5,1,"",NA
"411","LAZZARI M","E",1.2285714286,36,6.3333333333,"SPAL","C",6.5,6,11,10,1,"",NA
"412","LEMOS","Dc",3.8392857143,8,6.125,"Sassuolo","D",6.25,1.2894736842,6,7,1,"",NA
"413","LERIS","A",0.25,4,5.75,"Chievo","A",6,0.6052631579,1,1,1,"",NA
"414","LEVERBE","Dc",NA,1,NA,NA,"D",NA,0,1,1,1,"",NA
"415","LINETTY","C",1.8275862069,29,6.4482758621,"Sampdoria","C",6,4.9210526316,7,6,1,"",NA
"416","LIROLA","E",0.3405797101,24,5.8333333333,"Sassuolo","D",6,3.6842105263,8,6,1,"",NA
"417","LIROLA","Dd",0.3405797101,24,5.8333333333,"Sassuolo","D",6,3.6842105263,8,6,1,"",NA
"418","LISANDRO LOPEZ","Dc",NA,1,5.5,"Inter","D",5.5,0.1447368421,6,7,1,"",NA
"419","LOCATELLI M","C",0.0976190476,21,5.9523809524,"Milan","C",6,3.2894736842,7,7,1,"",NA
"420","LOCATELLI M","M",0.0976190476,21,5.9523809524,"Milan","C",6,3.2894736842,7,7,1,"",NA
"421","LOLLO","C",NA,1,NA,NA,"C",NA,0,3,4,1,"",NA
"422","LOMBARDI","W",0.5606617647,17,5.8235294118,"Benevento","A",6,2.6052631579,2,3,1,"",NA
"423","LOMBARDI","A",0.5606617647,17,5.8235294118,"Benevento","A",6,2.6052631579,2,3,1,"",NA
"424","LUCAS LEIVA","C",0.935515873,36,6.5138888889,"Lazio","C",6.5,6.1710526316,11,12,1,"",NA
"425","LUCAS LEIVA","M",0.935515873,36,6.5138888889,"Lazio","C",6.5,6.1710526316,11,12,1,"",NA
"426","LUIS ALBERTO","A",7.0073529412,34,7.5147058824,"Lazio","C",6.5,6.7236842105,27,27,1,"VE",20
"427","LUIS ALBERTO","T",7.0073529412,34,7.5147058824,"Lazio","C",6.5,6.7236842105,27,27,1,"VE",20
"428","LUIZ FELIPE","Dc",0.4060457516,18,5.8611111111,"Lazio","D",6,2.7763157895,7,8,1,"",NA
"429","LUKAKU J","E",0.9781609195,30,6.2666666667,"Lazio","D",6,4.9473684211,4,5,1,"",NA
"430","LUKIC","C",NA,1,NA,NA,"C",NA,0,1,2,1,"",NA
"431","LULIC","E",2.2878151261,35,6.3571428571,"Lazio","C",6,5.8552631579,11,11,1,"",NA
"432","LULIC","C",2.2878151261,35,6.3571428571,"Lazio","C",6,5.8552631579,11,11,1,"",NA
"433","LUPERTO","Dc",NA,1,NA,NA,"D",NA,0,2,2,1,"",NA
"434","LUPERTO","Ds",NA,1,NA,NA,"D",NA,0,2,2,1,"",NA
"435","LYANCO","Dc",0.5,4,6,"Torino","D",6.25,0.6315789474,5,6,1,"",NA
"436","LYKOGIANNIS","Ds",0.4409090909,11,6.0909090909,"Cagliari","D",6,1.7631578947,4,5,1,"",NA
"437","LYKOGIANNIS","E",0.4409090909,11,6.0909090909,"Cagliari","D",6,1.7631578947,4,5,1,"",NA
"438","MACHIS","A",NA,35,NA,NA,"A",NA,5.42487565640231,12,12,1,"",NA
"439","MAGNANELLI","M",0.3545866935,32,5.765625,"Sassuolo","C",6,4.8552631579,5,5,1,"",NA
"440","MAGNANELLI","C",0.3545866935,32,5.765625,"Sassuolo","C",6,4.8552631579,5,5,1,"",NA
"441","MAGNANI","Dc",NA,1,NA,NA,"D",NA,0,3,2,1,"",NA
"442","MAIELLO","C",NA,10,NA,NA,"C",NA,1.59353006044804,6,5,1,"",NA
"443","MAIETTA","Dc",0.2380952381,7,6.2857142857,"Bologna","D",6.5,1.1578947368,5,5,1,"",NA
"444","MAKSIMOVIC","Dc",0,2,6,"Napoli","D",6,0.3157894737,3,4,1,"",NA
"445","MALCUIT","E",NA,21,NA,NA,"D",NA,3.98451169561749,6,7,1,"",NA
"446","MALCUIT","Dd",NA,21,NA,NA,"D",NA,3.98451169561749,6,7,1,"",NA
"447","MANCINI G","Dc",2.0045454545,11,6.1363636364,"Atalanta","D",6,1.7763157895,8,8,1,"",NA
"448","MANDRAGORA","C",1.2253968254,36,6.0555555556,"Crotone","C",6,5.7368421053,9,9,1,"BRYAN",5
"449","MANDRAGORA","M",1.2253968254,36,6.0555555556,"Crotone","C",6,5.7368421053,9,9,1,"BRYAN",5
"450","MANDZUKIC","Pc",2.8941532258,32,6.40625,"Juventus","A",6,5.3947368421,20,18,1,"",NA
"451","MANOLAS","Dc",1.3318965517,29,6.224137931,"Roma","D",6,4.75,12,12,1,"BRYAN",17
"452","MARCANO","Dc",NA,21,NA,NA,"D",NA,3.98451169561749,6,7,1,"",NA
"453","MARCHETTI","Por",NA,37,NA,NA,"P",NA,4.99092040443647,9,10,1,"",NA
"454","MARCJANIK","Dc",NA,1,NA,NA,"D",NA,0,3,4,1,"",NA
"455","MARIO RUI","Ds",1.5566666667,25,6.34,"Napoli","D",6,4.1710526316,7,8,1,"",NA
"456","MARIO RUI","E",1.5566666667,25,6.34,"Napoli","D",6,4.1710526316,7,8,1,"",NA
"457","MARLON","Dc",NA,31,NA,NA,"D",NA,4.40015620343502,7,8,1,"",NA
"458","MARTINEZ L","Pc",NA,37,NA,NA,"A",NA,6.20259248185932,16,17,1,"",NA
"459","MARUSIC","E",1.8346774194,32,6.4375,"Lazio","C",6,5.4210526316,9,9,1,"",NA
"460","MASIELLO A","Dc",1.9365591398,31,6.6451612903,"Atalanta","D",6.5,5.4210526316,13,14,1,"",NA
"461","MASIELLO A","Dd",1.9365591398,31,6.6451612903,"Atalanta","D",6.5,5.4210526316,13,14,1,"",NA
"462","MATRI","Pc",2.0681818182,23,6,"Sassuolo","A",6,3.6315789474,2,3,1,"",NA
"463","MATTIELLO","E",0.2610837438,29,5.7586206897,"SPAL","D",6,4.3947368421,8,8,1,"",NA
"464","MATUIDI","M",1.4586693548,32,6.40625,"Juventus","C",6,5.3947368421,16,15,1,"BRYAN",15
"465","MATUIDI","C",1.4586693548,32,6.40625,"Juventus","C",6,5.3947368421,16,15,1,"BRYAN",15
"466","MAURI J","M",NA,1,6,"Milan","C",6,0.1578947368,1,1,1,"",NA
"467","MAURI J","C",NA,1,6,"Milan","C",6,0.1578947368,1,1,1,"",NA
"468","MAZZITELLI","M",0.4809210526,20,5.825,"Sassuolo","C",6,3.0657894737,6,6,1,"",NA
"469","MAZZITELLI","C",0.4809210526,20,5.825,"Sassuolo","C",6,3.0657894737,6,6,1,"",NA
"470","MBAYE","Ds",1.1183333333,25,5.92,"Bologna","D",6,3.8947368421,4,5,1,"",NA
"471","MBAYE","Dc",1.1183333333,25,5.92,"Bologna","D",6,3.8947368421,4,5,1,"",NA
"472","MBAYE","Dd",1.1183333333,25,5.92,"Bologna","D",6,3.8947368421,4,5,1,"",NA
"473","MCHEDLIDZE","Pc",NA,10,NA,NA,"A",NA,1.59353006044804,4,5,1,"",NA
"474","MEDEIROS","A",3.1181818182,11,6.7272727273,"Genoa","A",6,1.9473684211,10,11,1,"",NA
"475","MEDEIROS","T",3.1181818182,11,6.7272727273,"Genoa","A",6,1.9473684211,10,11,1,"",NA
"476","MEGGIORINI","A",0.1952380952,15,5.5333333333,"Chievo","A",5.5,2.1842105263,5,6,1,"",NA
"477","MEITE'","C",NA,1,NA,NA,"C",NA,0,6,3,1,"",NA
"478","MEITE'","M",NA,1,NA,NA,"C",NA,0,6,3,1,"",NA
"479","MERET","Por",4.4423076923,13,5.7307692308,"SPAL","P",6,1.9605263158,13,14,1,"",NA
"480","MERTENS","A",10.0094238976,38,7.7236842105,"Napoli","A",6.25,7.7236842105,30,31,1,"BRYAN",30
"481","MICIN","A",NA,1,NA,NA,"A",NA,0,1,1,1,"",NA
"482","MILENKOVIC","Dd",0.3666666667,16,5.75,"Fiorentina","D",6,2.4210526316,8,6,1,"ME",4
"483","MILENKOVIC","Dc",0.3666666667,16,5.75,"Fiorentina","D",6,2.4210526316,8,6,1,"ME",4
"484","MILIK","Pc",4.6857142857,15,7.1,"Napoli","A",6,2.8026315789,26,26,1,"GATTI",20
"485","MILINKOVIC-SAVIC","T",6.5117647059,35,7.6,"Lazio","C",6.5,7,28,30,1,"ME",32
"486","MILINKOVIC-SAVIC","C",6.5117647059,35,7.6,"Lazio","C",6.5,7,28,30,1,"ME",32
"487","MILINKOVIC-SAVIC V","Por",NA,1,5,"Torino","P",5,0.1315789474,7,8,1,"",NA
"488","MINALA","M",NA,1,NA,NA,"C",NA,0,1,2,1,"",NA
"489","MINALA","C",NA,1,NA,NA,"C",NA,0,1,2,1,"",NA
"490","MIRALLAS","A",NA,36,NA,NA,"A",NA,5.77425714782098,13,14,1,"",NA
"491","MIRANDA","Dc",0.2655913978,31,6.0322580645,"Inter","D",6,4.9210526316,6,7,1,"",NA
"492","MIRANTE","Por",1.8428030303,33,4.803030303,"Bologna","P",5,4.1710526316,1,1,1,"ME",1
"493","MISSIROLI","C",0.7176470588,35,6.1,"Sassuolo","C",6,5.6184210526,7,6,1,"",NA
"494","MOLINARO","E",0.4861842105,20,5.775,"Torino","D",6,3.0394736842,7,7,1,"",NA
"495","MOLINARO","Ds",0.4861842105,20,5.775,"Torino","D",6,3.0394736842,7,7,1,"",NA
"496","MONCINI","Pc",NA,1,NA,NA,"A",NA,0,2,3,1,"",NA
"497","MONTOLIVO","M",1.1903594771,18,6.0277777778,"Milan","C",6,2.8552631579,3,4,1,"",NA
"498","MONTOLIVO","C",1.1903594771,18,6.0277777778,"Milan","C",6,2.8552631579,3,4,1,"",NA
"499","MORETTI","Ds",0.3555194805,22,5.8863636364,"Torino","D",6,3.4078947368,3,3,1,"",NA
"500","MORETTI","Dc",0.3555194805,22,5.8863636364,"Torino","D",6,3.4078947368,3,3,1,"",NA
"501","MRAZ","Pc",NA,21,NA,NA,"A",NA,3.98451169561749,8,7,1,"",NA
"502","MUNARI","M",NA,1,NA,NA,"C",NA,0,1,1,1,"",NA
"503","MUNARI","C",NA,1,NA,NA,"C",NA,0,1,1,1,"",NA
"504","MURGIA","M",0.1989583333,16,5.78125,"Lazio","C",6,2.4342105263,2,3,1,"",NA
"505","MURGIA","C",0.1989583333,16,5.78125,"Lazio","C",6,2.4342105263,2,3,1,"",NA
"506","MURRU","E",0.4598684211,20,5.725,"Sampdoria","D",5.75,3.0131578947,6,6,1,"",NA
"507","MURRU","Ds",0.4598684211,20,5.725,"Sampdoria","D",5.75,3.0131578947,6,6,1,"",NA
"508","MUSACCHIO","Dc",0.4238095238,15,5.5666666667,"Milan","D",5.5,2.1973684211,5,5,1,"",NA
"509","MUSSO","Por",NA,31,NA,NA,"P",NA,4.40015620343502,7,8,1,"",NA
"510","N'KOULOU","Dc",1.2304804805,37,6.2297297297,"Torino","D",6,6.0657894737,13,12,1,"ME",10
"511","NAGY","C",1.4015151515,12,6.0833333333,"Bologna","C",6,1.9210526316,3,4,1,"",NA
"512","NAGY","M",1.4015151515,12,6.0833333333,"Bologna","C",6,1.9210526316,3,4,1,"",NA
"513","NICOLAS","Por",4.1640873016,36,4.2361111111,"Verona","P",4,4.0131578947,1,1,1,"",NA
"514","NORGAARD","M",NA,10,NA,NA,"C",NA,1.59353006044804,5,5,1,"",NA
"515","NORGAARD","C",NA,10,NA,NA,"C",NA,1.59353006044804,5,5,1,"",NA
"516","NUYTINCK","Dc",0.9729344729,27,6.1296296296,"Udinese","D",6,4.3552631579,5,5,1,"",NA
"517","NZONZI","M",NA,33,NA,NA,"C",NA,5.2214092515681,10,11,1,"",NA
"518","NZONZI","C",NA,33,NA,NA,"C",NA,5.2214092515681,10,11,1,"",NA
"519","OBI","M",2.6948051948,22,6.8636363636,"Torino","C",6,3.9736842105,5,5,1,"",NA
"520","OBI","E",2.6948051948,22,6.8636363636,"Torino","C",6,3.9736842105,5,5,1,"",NA
"521","ODGAARD","Pc",NA,1,NA,NA,"A",NA,0,1,1,1,"",NA
"522","OKWONKWO","A",4.525,10,6.95,"Bologna","A",6,1.8289473684,5,5,1,"",NA
"523","OLIVERA M","Ds",0.369047619,7,5.5714285714,"Fiorentina","D",6,1.0263157895,1,2,1,"",NA
"524","OLIVERA M","E",0.369047619,7,5.5714285714,"Fiorentina","D",6,1.0263157895,1,2,1,"",NA
"525","OLSEN","Por",NA,36,NA,NA,"P",NA,5.77425714782098,13,14,1,"VE",22
"526","OMEONGA","C",0.0804093567,19,5.9473684211,"Genoa","C",6,2.9736842105,4,5,1,"",NA
"527","OPOKU","Dc",NA,1,NA,NA,"D",NA,0,2,3,1,"",NA
"528","ORSOLINI","A",0.1291666667,16,5.9375,"Bologna","A",6,2.5,3,3,1,"",NA
"529","ORSOLINI","T",0.1291666667,16,5.9375,"Bologna","A",6,2.5,3,3,1,"",NA
"530","OSPINA","Por",NA,1,NA,NA,"P",NA,0,1,1,1,"",NA
"531","OUNAS","A",0.0833333333,7,6,"Napoli","A",6,1.1052631579,7,7,1,"",NA
"532","PADELLI","Por",NA,1,NA,NA,"P",NA,0,1,1,1,"",NA
"533","PADOIN","E",0.7132132132,37,5.8108108108,"Cagliari","C",5.5,5.6578947368,5,4,1,"",NA
"534","PADOIN","M",0.7132132132,37,5.8108108108,"Cagliari","C",5.5,5.6578947368,5,4,1,"",NA
"535","PAGANINI","W",NA,1,NA,NA,"C",NA,0,1,2,1,"",NA
"536","PAJAC","Ds",NA,1,NA,NA,"D",NA,0,1,2,1,"",NA
"537","PAJAC","E",NA,1,NA,NA,"D",NA,0,1,2,1,"",NA
"538","PALACIO","A",2.3399470899,28,6.6071428571,"Bologna","A",6,4.8684210526,8,8,1,"",NA
"539","PALOMINO","Dc",0.8753846154,26,6.1538461538,"Atalanta","D",6,4.2105263158,6,7,1,"",NA
"540","PALOSCHI","Pc",3.0878968254,36,6.3194444444,"SPAL","A",5.5,5.9868421053,12,13,1,"",NA
"541","PANDEV","A",2.6290322581,32,6.5,"Genoa","A",6,5.4736842105,11,9,1,"",NA
"542","PARIGINI","W",0.1904761905,21,5.7380952381,"Benevento","A",6,3.1710526316,6,7,1,"",NA
"543","PARIGINI","A",0.1904761905,21,5.7380952381,"Benevento","A",6,3.1710526316,6,7,1,"",NA
"544","PAROLO","M",3.1349462366,31,6.5806451613,"Lazio","C",6,5.3684210526,13,13,1,"",NA
"545","PAROLO","C",3.1349462366,31,6.5806451613,"Lazio","C",6,5.3684210526,13,13,1,"",NA
"546","PASALIC","T",NA,36,NA,NA,"C",NA,5.77425714782098,15,14,1,"VE",16
"547","PASALIC","C",NA,36,NA,NA,"C",NA,5.77425714782098,15,14,1,"VE",16
"548","PASQUAL","E",NA,21,NA,NA,"D",NA,3.98451169561749,7,7,1,"",NA
"549","PASQUAL","Ds",NA,21,NA,NA,"D",NA,3.98451169561749,7,7,1,"",NA
"550","PASTORE","T",NA,34,NA,NA,"C",NA,6.66330380845365,21,21,1,"GATTI",20
"551","PASTORE","C",NA,34,NA,NA,"C",NA,6.66330380845365,21,21,1,"GATTI",20
"552","PATRIC","Dd",0.35,11,6,"Lazio","D",6,1.7368421053,1,2,1,"",NA
"553","PATRIC","Ds",0.35,11,6,"Lazio","D",6,1.7368421053,1,2,1,"",NA
"554","PATRIC","E",0.35,11,6,"Lazio","D",6,1.7368421053,1,2,1,"",NA
"555","PAVOLETTI","Pc",4.4446022727,33,6.9090909091,"Cagliari","A",6,6,18,17,1,"",NA
"556","PAZ","Dc",NA,1,NA,NA,"D",NA,0,3,4,1,"",NA
"557","PAZ","Ds",NA,1,NA,NA,"D",NA,0,3,4,1,"",NA
"558","PEDRO NETO","A",NA,1,NA,NA,"A",NA,0,1,1,1,"",NA
"559","PEETERS","M",NA,1,NA,NA,"C",NA,0,1,1,1,"",NA
"560","PEETERS","C",NA,1,NA,NA,"C",NA,0,1,1,1,"",NA
"561","PEGOLO","Por",2,2,5,"Sassuolo","P",5,0.2631578947,1,1,1,"",NA
"562","PELLEGRINI LO","C",NA,36,NA,NA,"C",NA,5.77425714782098,13,14,1,"",NA
"563","PELLEGRINI LU","Ds",NA,1,NA,NA,"D",NA,0,2,3,1,"",NA
"564","PELLEGRINI LU","E",NA,1,NA,NA,"D",NA,0,2,3,1,"",NA
"565","PELLISSIER","Pc",1.3581871345,19,6.0526315789,"Chievo","A",6,3.0263157895,2,3,1,"",NA
"566","PELUSO","Ds",1.0698924731,31,5.8548387097,"Sassuolo","D",6,4.7763157895,3,4,1,"",NA
"567","PELUSO","Dc",1.0698924731,31,5.8548387097,"Sassuolo","D",6,4.7763157895,3,4,1,"",NA
"568","PEREIRA P","E",0.1416666667,6,5.9166666667,"Genoa","D",6,0.9342105263,2,3,1,"",NA
"569","PEREIRA P","Dd",0.1416666667,6,5.9166666667,"Genoa","D",6,0.9342105263,2,3,1,"",NA
"570","PERICA","Pc",0.8988095238,22,5.75,"Udinese","A",5.5,3.3289473684,10,12,1,"",NA
"571","PERIN","Por",1.384009009,37,5.1351351351,"Genoa","P",5,5,1,1,1,"VE",4
"572","PERISIC","W",7.1813063063,37,7.1621621622,"Inter","C",6,6.9736842105,29,28,1,"GATTI",35
"573","PERISIC","A",7.1813063063,37,7.1621621622,"Inter","C",6,6.9736842105,29,28,1,"GATTI",35
"574","PEROTTI","W",4.3516666667,25,6.68,"Roma","C",6,4.3947368421,15,16,1,"",NA
"575","PEROTTI","T",4.3516666667,25,6.68,"Roma","C",6,4.3947368421,15,16,1,"",NA
"576","PESSINA","C",NA,10,NA,NA,"C",NA,1.59353006044804,5,5,1,"",NA
"577","PETAGNA","Pc",2.6416256158,29,6.4655172414,"Atalanta","A",6,4.9342105263,14,15,1,"",NA
"578","PEZZELLA GER","Dc",0.8493761141,34,6.1176470588,"Fiorentina","D",6,5.4736842105,10,10,1,"BRYAN",7
"579","PEZZELLA GIU","Ds",0.3738095238,15,5.5333333333,"Udinese","D",5.5,2.1842105263,4,5,1,"",NA
"580","PEZZELLA GIU","E",0.3738095238,15,5.5333333333,"Udinese","D",5.5,2.1842105263,4,5,1,"",NA
"581","PIATEK","Pc",NA,35,NA,NA,"A",NA,5.60772467256482,15,13,1,"",NA
"582","PINAMONTI","Pc",NA,1,6,"Inter","A",6,0.1578947368,6,7,1,"",NA
"583","PINSOGLIO","Por",NA,1,5,"Juventus","P",5,0.1315789474,1,1,1,"",NA
"584","PISACANE","Dd",0.4995471014,24,5.7291666667,"Cagliari","D",5.75,3.6184210526,3,4,1,"",NA
"585","PISACANE","Ds",0.4995471014,24,5.7291666667,"Cagliari","D",5.75,3.6184210526,3,4,1,"",NA
"586","PISACANE","Dc",0.4995471014,24,5.7291666667,"Cagliari","D",5.75,3.6184210526,3,4,1,"",NA
"587","PJACA","A",NA,38,NA,NA,"A",NA,6.06972619871497,16,16,1,"",NA
"588","PJANIC","C",3.2989247312,31,7.0322580645,"Juventus","C",6.5,5.7368421053,21,20,1,"BRYAN",10
"589","PLIZZARI","Por",NA,1,NA,NA,"P",NA,0,1,1,1,"",NA
"590","POLI","M",1.2651209677,32,6.09375,"Bologna","C",6,5.1315789474,8,8,1,"",NA
"591","POLI","C",1.2651209677,32,6.09375,"Bologna","C",6,5.1315789474,8,8,1,"",NA
"592","POLITANO","A",6.25,36,6.9166666667,"Sassuolo","A",6,6.5526315789,15,15,1,"ME",8
"593","POLUZZI","Por",NA,1,NA,NA,"P",NA,0,1,1,1,"",NA
"594","PONTISSO","M",NA,1,6,"Udinese","C",6,0.1578947368,1,1,1,"",NA
"595","PONTISSO","C",NA,1,6,"Udinese","C",6,0.1578947368,1,1,1,"",NA
"596","PRAET","C",0.9191028226,32,6.234375,"Sampdoria","C",6,5.25,9,10,1,"",NA
"597","PRAET","T",0.9191028226,32,6.234375,"Sampdoria","C",6,5.25,9,10,1,"",NA
"598","PROTO","Por",NA,1,NA,NA,"P",NA,0,1,1,1,"",NA
"599","PROVEDEL","Por",NA,21,NA,NA,"P",NA,3.37178786018851,5,6,1,"",NA
"600","PUCCIARELLI","A",1.6174242424,22,5.8863636364,"Chievo","A",5.5,3.4078947368,3,4,1,"",NA
"601","PULGAR","C",2.5393145161,32,6.09375,"Bologna","C",6,5.1315789474,9,10,1,"",NA
"602","PULGAR","M",2.5393145161,32,6.09375,"Bologna","C",6,5.1315789474,9,10,1,"",NA
"603","PUSSETTO","W",NA,35,NA,NA,"A",NA,5.42487565640231,11,12,1,"",NA
"604","PUSSETTO","A",NA,35,NA,NA,"A",NA,5.42487565640231,11,12,1,"",NA
"605","QUAGLIARELLA","Pc",9.6050420168,35,7.9285714286,"Sampdoria","A",6.5,7.3026315789,28,28,1,"ME",16
"606","RADOVANOVIC","C",0.8201680672,35,5.9428571429,"Chievo","C",6,5.4736842105,7,7,1,"",NA
"607","RADOVANOVIC","M",0.8201680672,35,5.9428571429,"Chievo","C",6,5.4736842105,7,7,1,"",NA
"608","RADU","Dc",0.3951612903,31,5.8870967742,"Lazio","D",6,4.8026315789,8,8,1,"",NA
"609","RADU","Ds",0.3951612903,31,5.8870967742,"Lazio","D",6,4.8026315789,8,8,1,"",NA
"610","RADU I","Por",NA,1,NA,NA,"P",NA,0,1,1,1,"",NA
"611","RAFAEL","Por",1.5555555556,10,5,"Cagliari","P",5,1.3157894737,1,1,1,"",NA
"612","RAFAEL CABRAL","Por",NA,1,NA,NA,"P",NA,0,1,1,1,"",NA
"613","RAMIREZ","T",2.5285285285,37,6.3378378378,"Sampdoria","C",6,6.1710526316,13,14,1,"ME",8
"614","RANOCCHIA","Dc",2.5545454545,11,6.6363636364,"Inter","D",6,1.9210526316,3,4,1,"",NA
"615","RASMUSSEN","Dc",NA,1,NA,NA,"D",NA,0,3,3,1,"",NA
"616","RECA","E",NA,10,NA,NA,"D",NA,1.59353006044804,4,5,1,"",NA
"617","RECA","Ds",NA,10,NA,NA,"D",NA,1.59353006044804,4,5,1,"",NA
"618","REGINI","Ds",0.2857142857,14,5.8571428571,"Sampdoria","D",6,2.1578947368,2,3,1,"",NA
"619","REGINI","Dc",0.2857142857,14,5.8571428571,"Sampdoria","D",6,2.1578947368,2,3,1,"",NA
"620","RICCARDI","C",NA,1,NA,NA,"C",NA,0,1,1,1,"",NA
"621","RICCARDI","T",NA,1,NA,NA,"C",NA,0,1,1,1,"",NA
"622","RIGIONE","Dc",NA,1,NA,NA,"D",NA,0,1,1,1,"",NA
"623","RIGONI E","A",NA,33,NA,NA,"A",NA,5.2214092515681,12,11,1,"",NA
"624","RIGONI L","C",2.1106719368,23,6.2391304348,"Genoa","C",6,3.7763157895,7,8,1,"",NA
"625","RIGONI N","M",0.2142857143,15,5.5,"Chievo","C",5.5,2.1710526316,6,6,1,"",NA
"626","RIGONI N","C",0.2142857143,15,5.5,"Chievo","C",5.5,2.1710526316,6,6,1,"",NA
"627","RINCON","M",0.6783730159,36,5.9861111111,"Torino","C",6,5.6710526316,8,7,1,"",NA
"628","RINCON","C",0.6783730159,36,5.9861111111,"Torino","C",6,5.6710526316,8,7,1,"",NA
"629","RODRIGUEZ A","Pc",NA,1,NA,NA,"A",NA,0,1,2,1,"",NA
"630","RODRIGUEZ R","Ds",1.1553030303,34,5.75,"Milan","D",6,5.1447368421,8,8,1,"",NA
"631","RODRIGUEZ R","E",1.1553030303,34,5.75,"Milan","D",6,5.1447368421,8,8,1,"",NA
"632","ROG","C",0.4761904762,28,6.0714285714,"Napoli","C",6,4.4736842105,5,6,1,"",NA
"633","ROG","T",0.4761904762,28,6.0714285714,"Napoli","C",6,4.4736842105,5,6,1,"",NA
"634","ROGERIO","Ds",0.3173076923,13,5.7307692308,"Sassuolo","D",6,1.9605263158,5,4,1,"",NA
"635","ROGERIO","E",0.3173076923,13,5.7307692308,"Sassuolo","D",6,1.9605263158,5,4,1,"",NA
"636","ROLON","M",NA,10,NA,NA,"C",NA,1.59353006044804,4,5,1,"",NA
"637","ROLON","C",NA,10,NA,NA,"C",NA,1.59353006044804,4,5,1,"",NA
"638","ROMAGNA","Dc",0.4229249012,23,5.8260869565,"Cagliari","D",6,3.5263157895,6,6,1,"VE",6
"639","ROMAGNOLI A","Dc",1.2685185185,28,6.25,"Milan","D",6,4.6052631579,10,10,1,"",NA
"640","ROMULO","M",1.7728978979,37,6.3648648649,"Verona","C",6,6.1973684211,9,9,1,"ME",1
"641","ROMULO","E",1.7728978979,37,6.3648648649,"Verona","C",6,6.1973684211,9,9,1,"ME",1
"642","ROSATI","Por",NA,1,NA,NA,"P",NA,0,1,1,1,"",NA
"643","ROSSETTINI","Dc",0.5276679842,23,5.8695652174,"Genoa","D",6,3.5526315789,6,5,1,"",NA
"644","ROSSETTINI","Dd",0.5276679842,23,5.8695652174,"Genoa","D",6,3.5526315789,6,5,1,"",NA
"645","ROSSI A","Pc",NA,1,NA,NA,"A",NA,0,1,1,1,"",NA
"646","ROSSI F","Por",NA,1,4.5,"Atalanta","P",4.5,0.1184210526,1,1,1,"",NA
"647","RUGANI","Dc",1.4978354978,22,6.4545454545,"Juventus","D",6,3.7368421053,7,8,1,"",NA
"648","RUIZ","C",NA,36,NA,NA,"C",NA,5.77425714782098,13,14,1,"",NA
"649","RUIZ","T",NA,36,NA,NA,"C",NA,5.77425714782098,13,14,1,"",NA
"650","SALA","Dd",0.5064102564,13,5.6153846154,"Sampdoria","D",5.5,1.9210526316,3,3,1,"",NA
"651","SALA","E",0.5064102564,13,5.6153846154,"Sampdoria","D",5.5,1.9210526316,3,3,1,"",NA
"652","SALAMON","Dc",0.3982683983,22,5.7272727273,"SPAL","D",6,3.3157894737,4,4,1,"",NA
"653","SALCEDO MORA","Pc",0,2,6,"Genoa","A",6,0.3157894737,1,1,1,"",NA
"654","SAMIR","Dc",1.1978494624,31,5.7580645161,"Udinese","D",5.5,4.6973684211,7,6,1,"",NA
"655","SAMIR","Ds",1.1978494624,31,5.7580645161,"Udinese","D",5.5,4.6973684211,7,6,1,"",NA
"656","SAMMARCO","M",NA,1,NA,NA,"C",NA,0,1,1,1,"",NA
"657","SAMMARCO","C",NA,1,NA,NA,"C",NA,0,1,1,1,"",NA
"658","SANDRO","C",1.4464285714,14,6.3214285714,"Benevento","C",6.25,2.3289473684,8,9,1,"",NA
"659","SANDRO","M",1.4464285714,14,6.3214285714,"Benevento","C",6.25,2.3289473684,8,9,1,"",NA
"660","SANTANDER","Pc",NA,37,NA,NA,"A",NA,4.99092040443647,10,10,1,"",NA
"661","SANTON","Ds",0.5785714286,15,5.6,"Inter","D",6,2.2105263158,3,3,1,"",NA
"662","SANTON","E",0.5785714286,15,5.6,"Inter","D",6,2.2105263158,3,3,1,"",NA
"663","SANTON","Dd",0.5785714286,15,5.6,"Inter","D",6,2.2105263158,3,3,1,"",NA
"664","SANTURRO","Por",NA,1,5.5,"Bologna","P",5.5,0.1447368421,1,1,1,"",NA
"665","SATALINO","Por",NA,1,NA,NA,"P",NA,0,1,1,1,"",NA
"666","SAU","A",1.8103448276,29,5.8965517241,"Cagliari","A",6,4.5,8,9,1,"",NA
"667","SCHIATTARELLA","C",0.7811827957,31,6.2580645161,"SPAL","C",6,5.1052631579,5,4,1,"",NA
"668","SCHICK","Pc",1.8446969697,22,6.0227272727,"Roma","A",6,3.4868421053,17,17,1,"",NA
"669","SCOZZARELLA","M",NA,1,NA,NA,"C",NA,0,2,3,1,"",NA
"670","SCOZZARELLA","C",NA,1,NA,NA,"C",NA,0,2,3,1,"",NA
"671","SCUFFET","Por",6.1666666667,6,4.3333333333,"Udinese","P",3.5,0.6842105263,3,1,1,"",NA
"672","SECULIN","Por",NA,1,NA,NA,"P",NA,0,1,1,1,"",NA
"673","SEMPER","Por",NA,1,NA,NA,"P",NA,0,1,1,1,"",NA
"674","SENSI","C",2.3051470588,17,6.3529411765,"Sassuolo","C",6,2.8421052632,6,6,1,"",NA
"675","SENSI","M",2.3051470588,17,6.3529411765,"Sassuolo","C",6,2.8421052632,6,6,1,"",NA
"676","SEPE","Por",NA,1,6,"Napoli","P",6,0.1578947368,6,6,1,"",NA
"677","SERNICOLA","Dd",NA,1,NA,NA,"D",NA,0,1,1,1,"",NA
"678","SERNICOLA","Ds",NA,1,NA,NA,"D",NA,0,1,1,1,"",NA
"679","SERNICOLA","Dc",NA,1,NA,NA,"D",NA,0,1,1,1,"",NA
"680","SILIGARDI","A",NA,21,NA,NA,"A",NA,3.98451169561749,7,7,1,"",NA
"681","SILVESTRE","Dc",1.0207219251,34,6.0441176471,"Sampdoria","D",6,5.4078947368,7,7,1,"",NA
"682","SIMEONE","Pc",7.359886202,38,7.2105263158,"Fiorentina","A",5.5,7.2105263158,26,26,1,"BRYAN",NA
"683","SIMIC L","Dc",2.1666666667,6,6.6666666667,"SPAL","D",6,1.0526315789,1,2,1,"",NA
"684","SIMIC S","Dc",0.1944444444,9,5.7777777778,"Crotone","D",6,1.3684210526,1,2,1,"",NA
"685","SKORUPSKI","Por",NA,1,6.5,"Roma","P",6.5,0.1710526316,9,9,1,"",NA
"686","SKRINIAR","Dc",1.6466927454,38,6.5921052632,"Inter","D",6.25,6.5921052632,16,16,1,"ME",8
"687","SODDIMO","W",NA,10,NA,NA,"C",NA,1.59353006044804,5,5,1,"",NA
"688","SODDIMO","C",NA,10,NA,NA,"C",NA,1.59353006044804,5,5,1,"",NA
"689","SODDIMO","T",NA,10,NA,NA,"C",NA,1.59353006044804,5,5,1,"",NA
"690","SORIANO","C",NA,35,NA,NA,"C",NA,5.42487565640231,12,12,1,"",NA
"691","SORIANO","T",NA,35,NA,NA,"C",NA,5.42487565640231,12,12,1,"",NA
"692","SORRENTINO","Por",4.039829303,38,4.9736842105,"Chievo","P",5.5,4.9736842105,9,9,1,"",NA
"693","SOTTIL","A",NA,1,NA,NA,"A",NA,0,1,2,1,"",NA
"694","SPINAZZOLA","E",0.4967320261,18,5.9444444444,"Atalanta","D",5.5,2.8157894737,5,6,1,"",NA
"695","SPINAZZOLA","Ds",0.4967320261,18,5.9444444444,"Atalanta","D",5.5,2.8157894737,5,6,1,"",NA
"696","SPOLLI","Dc",0.3833333333,21,6.1666666667,"Genoa","D",6.5,3.4078947368,5,6,1,"",NA
"697","SPORTIELLO","Por",2.7173423423,37,5.1351351351,"Fiorentina","P",5,5,6,6,1,"ME",1
"698","SPROCATI","A",NA,1,NA,NA,"A",NA,0,1,1,1,"",NA
"699","SPROCATI","T",NA,1,NA,NA,"A",NA,0,1,1,1,"",NA
"700","SRNA","E",NA,21,NA,NA,"D",NA,3.9845116956,8,7,1,"ME",8
"701","SRNA","Dd",NA,21,NA,NA,"D",NA,3.9845116956,8,7,1,"ME",8
"702","STEPINSKI","Pc",3.4269480519,22,6.6136363636,"Chievo","A",6,3.8289473684,13,13,1,"",NA
"703","STIJEPOVIC","W",NA,1,6,"Sampdoria","C",6,0.1578947368,1,1,1,"",NA
"704","STIJEPOVIC","A",NA,1,6,"Sampdoria","C",6,0.1578947368,1,1,1,"",NA
"705","STRAKOSHA","Por",2.3942034139,38,5.0657894737,"Lazio","P",5,5.0657894737,12,12,1,"VE",15
"706","STRINIC","E",0.7334558824,17,6.0294117647,"Sampdoria","D",6,2.6973684211,4,5,1,"",NA
"707","STRINIC","Ds",0.7334558824,17,6.0294117647,"Sampdoria","D",6,2.6973684211,4,5,1,"",NA
"708","STRYGER LARSEN","Dd",0.466954023,30,5.9166666667,"Udinese","D",6,4.6710526316,6,6,1,"",NA
"709","STRYGER LARSEN","Dc",0.466954023,30,5.9166666667,"Udinese","D",6,4.6710526316,6,6,1,"",NA
"710","STULAC","C",NA,10,NA,NA,"C",NA,1.59353006044804,6,5,1,"",NA
"711","STULAC","M",NA,10,NA,NA,"C",NA,1.59353006044804,6,5,1,"",NA
"712","SUSO","A",4.2470588235,35,6.9,"Milan","A",6.5,6.3552631579,20,21,1,"BRYAN",NA
"713","SUSO","T",4.2470588235,35,6.9,"Milan","A",6.5,6.3552631579,20,21,1,"BRYAN",NA
"714","SVANBERG","M",NA,1,NA,NA,"C",NA,0,2,3,1,"",NA
"715","SVANBERG","E",NA,1,NA,NA,"C",NA,0,2,3,1,"",NA
"716","SZCZESNY","Por",1.2334558824,17,5.5294117647,"Juventus","P",6,2.4736842105,18,18,1,"ME",23
"717","TANASIJEVIC","Dc",NA,1,NA,NA,"D",NA,0,1,1,1,"",NA
"718","TEODORCZYK","Pc",NA,35,NA,NA,"A",NA,5.42487565640231,11,12,1,"",NA
"719","TER AVEST","E",NA,1,NA,NA,"D",NA,0,2,3,1,"",NA
"720","TER AVEST","Dd",NA,1,NA,NA,"D",NA,0,2,3,1,"",NA
"721","TERRACCIANO","Por",NA,1,NA,NA,"P",NA,0,4,1,1,"",NA
"722","THEREAU","A",5.1103896104,22,7.0909090909,"Fiorentina","A",6,4.1052631579,12,13,1,"",NA
"723","TOLOI","Dc",0.6064516129,31,6.3387096774,"Atalanta","D",6.5,5.1710526316,10,10,1,"",NA
"724","TOMOVIC","Dd",0.5818965517,29,5.724137931,"Chievo","D",5.5,4.3684210526,7,6,1,"",NA
"725","TOMOVIC","Dc",0.5818965517,29,5.724137931,"Chievo","D",5.5,4.3684210526,7,6,1,"",NA
"726","TONELLI","Dc",5.5625,4,6.125,"Napoli","D",5.5,0.6447368421,6,6,1,"",NA
"727","TRAORE' HJ","C",NA,1,NA,NA,"C",NA,0,1,1,1,"",NA
"728","TRAORE' HJ","T",NA,1,NA,NA,"C",NA,0,1,1,1,"",NA
"729","TROOST-EKONG","Dc",NA,1,NA,NA,"D",NA,0,5,3,1,"",NA
"730","TROTTA","Pc",4.0445632799,34,6.5294117647,"Crotone","A",6,5.8421052632,7,8,1,"",NA
"731","TUMMINELLO","Pc",2.8916666667,10,7.15,"Crotone","A",6,1.8815789474,7,8,1,"",NA
"732","UCAN","C",NA,21,NA,NA,"C",NA,3.37178786018851,5,6,1,"",NA
"733","UCAN","T",NA,21,NA,NA,"C",NA,3.37178786018851,5,6,1,"",NA
"734","UNDER","A",5.6384615385,26,6.9615384615,"Roma","A",6,4.7631578947,20,21,1,"ME",14
"735","UNTERSEE","Dd",NA,1,NA,NA,"D",NA,0,2,3,1,"",NA
"736","UNTERSEE","M",NA,1,NA,NA,"D",NA,0,2,3,1,"",NA
"737","UNTERSEE","E",NA,1,NA,NA,"D",NA,0,2,3,1,"",NA
"738","VALDIFIORI","C",0.2243589744,13,5.6538461538,"Torino","C",6,1.9342105263,3,3,1,"",NA
"739","VALENCIA JM","T",NA,1,NA,NA,"C",NA,0,1,1,1,"",NA
"740","VALOTI","C",3.1584615385,26,5.9615384615,"Verona","C",5.5,4.0789473684,4,5,1,"VE",5
"741","VALOTI","T",3.1584615385,26,5.9615384615,"Verona","C",5.5,4.0789473684,4,5,1,"VE",5
"742","VALZANIA","C",NA,1,NA,NA,"C",NA,0,2,2,1,"",NA
"743","VARNIER","Dc",NA,1,NA,NA,"D",NA,0,1,1,1,"",NA
"744","VECINO","M",1.9002463054,29,6.3103448276,"Inter","C",6,4.8157894737,9,10,1,"",NA
"745","VECINO","C",1.9002463054,29,6.3103448276,"Inter","C",6,4.8157894737,9,10,1,"",NA
"746","VERDI","A",4.7557932264,34,7.3235294118,"Bologna","C",6,6.5526315789,17,18,1,"ME",12
"747","VERDI","T",4.7557932264,34,7.3235294118,"Bologna","C",6,6.5526315789,17,18,1,"ME",12
"748","VERETOUT","C",5.0910714286,36,6.7916666667,"Fiorentina","C",6.25,6.4342105263,16,17,1,"BRYAN",15
"749","VESELI","Dd",NA,1,NA,NA,"D",NA,0,3,4,1,"",NA
"750","VESELI","Dc",NA,1,NA,NA,"D",NA,0,3,4,1,"",NA
"751","VESELI","Ds",NA,1,NA,NA,"D",NA,0,3,4,1,"",NA
"752","VICARI","Dc",0.513368984,34,5.8235294118,"SPAL","D",5.75,5.2105263158,6,4,1,"",NA
"753","VIEIRA","C",NA,21,NA,NA,"C",NA,3.37178786018851,5,6,1,"",NA
"754","VIEIRA","M",NA,21,NA,NA,"C",NA,3.37178786018851,5,6,1,"",NA
"755","VIGNATO","T",NA,1,NA,NA,"C",NA,0,1,1,1,"",NA
"756","VIGNATO","A",NA,1,NA,NA,"C",NA,0,1,1,1,"",NA
"757","VITALE","C",0,2,6,"SPAL","C",6,0.3157894737,1,1,1,"",NA
"758","VITOR HUGO","Dc",1.5160818713,19,6.1052631579,"Fiorentina","D",6,3.0526315789,7,6,1,"",NA
"759","VIVIANI","M",1.3645320197,29,6.3103448276,"SPAL","C",6,4.8157894737,8,9,1,"",NA
"760","VIVIANI","C",1.3645320197,29,6.3103448276,"SPAL","C",6,4.8157894737,8,9,1,"",NA
"761","VIZEU","Pc",NA,30,NA,NA,"A",NA,4.72318396627123,8,9,1,"",NA
"762","VLAHOVIC","Pc",NA,1,NA,NA,"A",NA,0,1,1,1,"",NA
"763","VLOET","C",NA,21,NA,NA,"C",NA,3.37178786018851,5,6,1,"",NA
"764","VLOET","T",NA,21,NA,NA,"C",NA,3.37178786018851,5,6,1,"",NA
"765","VODISEK","Por",NA,1,NA,NA,"P",NA,0,1,1,1,"",NA
"766","VRSALJKO","Dd",NA,36,NA,NA,"D",NA,5.77425714782098,13,14,1,"",NA
"767","VRSALJKO","E",NA,36,NA,NA,"D",NA,5.77425714782098,13,14,1,"",NA
"768","WAGUE","Dc",NA,1,5,"Udinese","D",5,0.1315789474,1,1,1,"",NA
"769","WALLACE","Dc",0.4423076923,13,5.7307692308,"Lazio","D",6,1.9605263158,5,5,1,"",NA
"770","YOUNES","A",NA,1,NA,NA,"A",NA,0,2,3,1,"",NA
"771","ZAJC","T",NA,31,NA,NA,"C",NA,4.40015620343502,9,8,1,"",NA
"772","ZAMPANO","Ds",2.075,6,6.25,"Udinese","D",5.75,0.9868421053,6,5,1,"",NA
"773","ZAMPANO","E",2.075,6,6.25,"Udinese","D",5.75,0.9868421053,6,5,1,"",NA
"774","ZAMPANO","Dd",2.075,6,6.25,"Udinese","D",5.75,0.9868421053,6,5,1,"",NA
"775","ZANIOLO","C",NA,1,NA,NA,"C",NA,0,1,1,1,"",NA
"776","ZANIOLO","T",NA,1,NA,NA,"C",NA,0,1,1,1,"",NA
"777","ZAPATA C","Dc",0.6742424242,12,6.0833333333,"Milan","D",6.25,1.9210526316,3,4,1,"",NA
"778","ZAPATA D","Pc",4.7161290323,31,7.3709677419,"Sampdoria","A",6.5,6.0131578947,25,26,1,"ME",10
"779","ZIELINSKI","T",1.935515873,36,6.4861111111,"Napoli","C",6,6.1447368421,16,14,1,"GATTI",32
"780","ZIELINSKI","C",1.935515873,36,6.4861111111,"Napoli","C",6,6.1447368421,16,14,1,"GATTI",32
"781","ZUKANOVIC","Ds",0.4166666667,31,6,"Genoa","D",6,4.8947368421,5,5,1,"",NA
"782","ZUKANOVIC","Dc",0.4166666667,31,6,"Genoa","D",6,4.8947368421,5,5,1,"",NA
