"","Name","VarianceFantasyEvaluation","PlayedMatches","Team","Role","MedianFantasyEvaluation","WeightedFantasyEvaluation","Qt..A","Qt..I","Plays2018_2019","Owner","Price","MantraRole","MeanFantasyEvaluation"
"1","ABATE",1.4025735294,17,"Milan","D",6,2.6578947368,2,3,NA,"",NA,"E",5.94444444444444
"2","ABATE",1.4025735294,17,"Milan","D",6,2.6578947368,2,3,NA,"",NA,"Dd",5.94444444444444
"3","ACERBI",0.502311522,38,"Sassuolo","D",6,5.9342105263,12,12,NA,"",NA,"Dc",5.94186046511628
"4","ACQUAH",0.6737012987,22,"Torino","C",6,3.4342105263,5,4,NA,"",NA,"M",5.94444444444444
"5","ACQUAH",0.6737012987,22,"Torino","C",6,3.4342105263,5,4,NA,"",NA,"C",5.94444444444444
"6","ADJAPONG",0.4489583333,16,"Sassuolo","D",6,2.5131578947,2,3,NA,"",NA,"E",5.96875
"7","ADJAPONG",0.4489583333,16,"Sassuolo","D",6,2.5131578947,2,3,NA,"",NA,"Dd",5.96875
"8","ADNAN",0.3863636364,23,"Udinese","D",6,3.6315789474,3,3,NA,"",NA,"Ds",5.98
"9","ADNAN",0.3863636364,23,"Udinese","D",6,3.6315789474,3,3,NA,"",NA,"E",5.98
"10","AINA",NA,1,NA,"D",NA,0,5,4,NA,"",NA,"Dd",5.7
"11","AINA",NA,1,NA,"D",NA,0,5,4,NA,"",NA,"Ds",5.7
"12","AINA",NA,1,NA,"D",NA,0,5,4,NA,"",NA,"E",5.7
"13","ALBIOL",1.5790322581,31,"Napoli","D",6.5,5.3552631579,12,13,NA,"",NA,"Dc",6.44285714285714
"14","ALEX SANDRO",2.5815384615,26,"Juventus","D",6,4.5789473684,17,17,NA,"",NA,"Ds",6.61290322580645
"15","ALEX SANDRO",2.5815384615,26,"Juventus","D",6,4.5789473684,17,17,NA,"",NA,"E",6.61290322580645
"16","ALLAN",1.8344594595,38,"Napoli","C",6.25,6.75,18,17,NA,"ME",20,"C",6.77906976744186
"17","ALLAN",1.8344594595,38,"Napoli","C",6.25,6.75,18,17,NA,"ME",20,"M",6.77906976744186
"18","ANDERSEN",0.1547619048,7,"Sampdoria","D",6,1.0657894737,7,6,NA,"",NA,"Dc",6.04545454545455
"19","ANDREOLLI",0.3577075099,23,"Cagliari","D",6,3.4473684211,3,4,NA,"",NA,"Dc",5.69565217391304
"20","ANSALDI",1.2141666667,25,"Torino","D",6.5,4.1973684211,10,11,NA,"",NA,"E",6.34615384615385
"21","ANSALDI",1.2141666667,25,"Torino","D",6.5,4.1973684211,10,11,NA,"",NA,"Dd",6.34615384615385
"22","ANSALDI",1.2141666667,25,"Torino","D",6.5,4.1973684211,10,11,NA,"",NA,"Ds",6.34615384615385
"23","ANTENUCCI",4.9337121212,33,"SPAL","A",6.5,6.4605263158,25,25,NA,"ME",1,"Pc",7.30263157894737
"24","ANTONELLI",0.1666666667,6,"Milan","D",5.75,0.8947368421,4,4,NA,"VE",5,"E",5.72222222222222
"25","ANTONELLI",0.1666666667,6,"Milan","D",5.75,0.8947368421,4,4,NA,"VE",5,"Ds",5.72222222222222
"26","ARDAIZ",NA,1,NA,"A",NA,0,3,3,NA,"",NA,"Pc",5.5
"27","ASAMOAH",0.2105263158,19,"Juventus","D",6,3.0526315789,9,9,NA,"",NA,"E",6.08333333333333
"28","ASAMOAH",0.2105263158,19,"Juventus","D",6,3.0526315789,9,9,NA,"",NA,"Ds",6.08333333333333
"29","AUDERO",NA,30,NA,"P",NA,4.7231839663,10,9,NA,"",NA,"Por",5.625
"30","BABACAR",3.4532019704,29,"Sassuolo","A",6,5.0394736842,15,14,NA,"ME",14,"Pc",6.77941176470588
"31","BADELJ",1.3874643875,27,"Fiorentina","C",6,4.3947368421,7,7,NA,"",NA,"M",6.17741935483871
"32","BADELJ",1.3874643875,27,"Fiorentina","C",6,4.3947368421,7,7,NA,"",NA,"C",6.17741935483871
"33","BAKAYOKO",NA,33,NA,"C",NA,5.2214092516,10,11,NA,"",NA,"M",5.83333333333333
"34","BAKAYOKO",NA,33,NA,"C",NA,5.2214092516,10,11,NA,"",NA,"C",5.83333333333333
"35","BALIC",0.2619047619,21,"Udinese","C",6,3.1447368421,2,3,NA,"",NA,"C",5.69047619047619
"36","BANI",0.2322916667,16,"Chievo","D",5.75,2.4342105263,6,6,NA,"",NA,"Dc",5.8
"37","BARAK",4.76114082,34,"Udinese","C",6,6.0526315789,14,15,NA,"",NA,"T",6.67567567567568
"38","BARAK",4.76114082,34,"Udinese","C",6,6.0526315789,14,15,NA,"",NA,"C",6.67567567567568
"39","BARBA",NA,1,NA,"D",NA,0,4,4,NA,"",NA,"Dc",5.5
"40","BARELLA",2.36385918,34,"Cagliari","C",6,5.9868421053,14,14,NA,"",NA,"C",6.73076923076923
"41","BARELLA",2.36385918,34,"Cagliari","C",6,5.9868421053,14,14,NA,"",NA,"M",6.73076923076923
"42","BARILLA'",NA,1,NA,"C",NA,0,5,3,NA,"",NA,"C",6.6
"43","BARRETO",NA,10,NA,"C",NA,1.5935300604,5,5,NA,"",NA,"C",6.375
"44","BARRETO",NA,10,NA,"C",NA,1.5935300604,5,5,NA,"",NA,"M",6.375
"45","BARROW",3.1515151515,12,"Atalanta","A",6.25,2.2631578947,10,11,NA,"",NA,"Pc",6.78125
"46","BARZAGLI",0.2566666667,25,"Juventus","D",6,3.9868421053,2,3,NA,"VE",5,"Dc",6.06
"47","BASELLI",2.0796370968,32,"Torino","C",6,5.2368421053,10,10,NA,"",NA,"C",6.16666666666667
"48","BASTA",0.3227272727,11,"Lazio","D",6,1.75,2,3,NA,"",NA,"Dd",6.04545454545455
"49","BASTA",0.3227272727,11,"Lazio","D",6,1.75,2,3,NA,"",NA,"E",6.04545454545455
"50","BASTONI",0.0625,4,"Atalanta","D",6,0.6447368421,1,1,NA,"",NA,"Dc",6.125
"51","BASTOS",2.5976190476,21,"Lazio","D",6,3.6184210526,8,8,NA,"",NA,"Dc",6.52272727272727
"52","BEGHETTO",NA,1,NA,"C",NA,0,1,2,NA,"",NA,"E",6
"53","BEHRAMI",1.0125,20,"Udinese","C",6,3.2763157895,5,4,NA,"",NA,"C",6.2
"54","BEHRAMI",1.0125,20,"Udinese","C",6,3.2763157895,5,4,NA,"",NA,"M",6.2
"55","BELEC",2.380952381,15,"Sampdoria","P",4,1.4473684211,1,1,NA,"",NA,"Por",3.66666666666667
"56","BELOTTI",8.8054435484,32,"Torino","A",5.75,5.7105263158,29,29,NA,"",NA,"Pc",6.85135135135135
"57","BENASSI",2.9525210084,35,"Fiorentina","C",5.5,5.8421052632,15,12,NA,"",NA,"C",6.58974358974359
"58","BENATIA",1.6026315789,20,"Juventus","D",6.5,3.4473684211,9,10,NA,"",NA,"Dc",6.54761904761905
"59","BENNACER",NA,21,NA,"C",NA,3.3717878602,6,6,NA,"",NA,"C",6.1
"60","BENTANCUR",0.0947368421,20,"Juventus","C",6,3.1052631579,7,8,NA,"",NA,"C",5.8695652173913
"61","BERARDI",2.8978494624,31,"Sassuolo","A",5.5,4.6973684211,18,16,NA,"VE",14,"A",6
"62","BERENGUER",1.3187229437,22,"Torino","C",6,3.5657894737,5,5,NA,"",NA,"W",6.11538461538461
"63","BERESZYNSKI",0.3139784946,31,"Sampdoria","D",5.5,4.7105263158,7,7,NA,"",NA,"Dd",5.85714285714286
"64","BERESZYNSKI",0.3139784946,31,"Sampdoria","D",5.5,4.7105263158,7,7,NA,"",NA,"E",5.85714285714286
"65","BERISHA E",1.1994623656,31,"Atalanta","P",5,4.1842105263,11,12,NA,"",NA,"Por",4.75
"66","BERNARDESCHI",2.9875541126,22,"Juventus","C",6,4.0657894737,17,16,NA,"BRYAN",12,"W",7.17307692307692
"67","BERNARDESCHI",2.9875541126,22,"Juventus","C",6,4.0657894737,17,16,NA,"BRYAN",12,"A",7.17307692307692
"68","BERTOLACCI",0.8925189394,33,"Genoa","C",6,5.1447368421,7,8,NA,"ME",2,"C",5.92424242424242
"69","BESSA",2.6570767196,28,"Genoa","C",6,4.5921052632,6,7,NA,"",NA,"C",6.171875
"70","BESSA",2.6570767196,28,"Genoa","C",6,4.5921052632,6,7,NA,"",NA,"T",6.171875
"71","BIABIANY",NA,10,NA,"C",NA,1.5935300604,4,5,NA,"",NA,"W",6
"72","BIGLIA",1.0459656085,28,"Milan","C",6,4.4078947368,8,8,NA,"",NA,"M",5.9375
"73","BIGLIA",1.0459656085,28,"Milan","C",6,4.4078947368,8,8,NA,"",NA,"C",5.9375
"74","BIRAGHI",1.0875668449,34,"Fiorentina","D",6,5.2763157895,7,6,NA,"GATTI",2,"E",5.94736842105263
"75","BIRAGHI",1.0875668449,34,"Fiorentina","D",6,5.2763157895,7,6,NA,"GATTI",2,"Ds",5.94736842105263
"76","BIRASCHI",0.4160079051,23,"Genoa","D",6,3.5921052632,6,6,NA,"",NA,"Dd",5.87037037037037
"77","BIRASCHI",0.4160079051,23,"Genoa","D",6,3.5921052632,6,6,NA,"",NA,"Dc",5.87037037037037
"78","BIRSA",1.5764705882,35,"Chievo","C",6,5.8026315789,12,12,NA,"",NA,"T",6.35897435897436
"79","BOATENG",NA,38,NA,"C",NA,6.5570139553,22,20,NA,"ME",25,"A",8.5
"80","BOATENG",NA,38,NA,"C",NA,6.5570139553,22,20,NA,"ME",25,"T",8.5
"81","BOGA",NA,31,NA,"C",NA,4.4001562034,8,8,NA,"",NA,"A",5.83333333333333
"82","BOGA",NA,31,NA,"C",NA,4.4001562034,8,8,NA,"",NA,"T",5.83333333333333
"83","BONAVENTURA",4.9947916667,33,"Milan","C",6,5.9342105263,21,20,NA,"VE",23,"W",6.93243243243243
"84","BONAVENTURA",4.9947916667,33,"Milan","C",6,5.9342105263,21,20,NA,"VE",23,"C",6.93243243243243
"85","BONAVENTURA",4.9947916667,33,"Milan","C",6,5.9342105263,21,20,NA,"VE",23,"T",6.93243243243243
"86","BONIFAZI",0.4,6,"Torino","D",6.25,0.9473684211,2,3,NA,"",NA,"Dc",6
"87","BONUCCI",1.4117647059,35,"Milan","D",6,5.5263157895,12,12,NA,"VE",23,"Dc",5.97435897435897
"88","BORINI",1.4174876847,29,"Milan","C",6,4.6578947368,6,6,NA,"",NA,"W",6.15
"89","BORJA VALERO",0.9974206349,36,"Inter","C",6,5.7763157895,5,6,NA,"ME",6,"C",6.09459459459459
"90","BOURABIA",NA,10,NA,"C",NA,1.5935300604,6,5,NA,"",NA,"C",6
"91","BRADARIC",NA,30,NA,"C",NA,4.7231839663,9,9,NA,"",NA,"C",5.875
"92","BRADARIC",NA,30,NA,"C",NA,4.7231839663,9,9,NA,"",NA,"M",5.875
"93","BREMER",NA,1,NA,"D",NA,0,3,4,NA,"VE",3,"Dc",6
"94","BRIGHENTI",NA,1,NA,"D",NA,0,3,2,NA,"",NA,"Dc",5.5
"95","BRIGHENTI",NA,1,NA,"D",NA,0,3,2,NA,"",NA,"Dd",5.5
"96","BRIGHENTI",NA,1,NA,"D",NA,0,3,2,NA,"",NA,"Ds",5.5
"97","BRIGNOLA",2.3897058824,18,"Benevento","A",6.5,3.1973684211,8,9,NA,"",NA,"A",6.71052631578947
"98","BROZOVIC",3.1478494624,31,"Inter","C",6,5.5,15,16,NA,"",NA,"T",6.70833333333333
"99","BROZOVIC",3.1478494624,31,"Inter","C",6,5.5,15,16,NA,"",NA,"C",6.70833333333333
"100","BRUNO ALVES",NA,10,NA,"D",NA,1.5935300604,6,5,NA,"",NA,"Dc",6.3
"101","CACCIATORE",1.0771780303,33,"Chievo","D",6,5.2368421053,7,7,NA,"",NA,"Ds",6.01428571428571
"102","CACCIATORE",1.0771780303,33,"Chievo","D",6,5.2368421053,7,7,NA,"",NA,"Dd",6.01428571428571
"103","CACCIATORE",1.0771780303,33,"Chievo","D",6,5.2368421053,7,7,NA,"",NA,"E",6.01428571428571
"104","CACERES",2.8947368421,20,"Lazio","D",6,3.4210526316,5,5,NA,"",NA,"Dc",6.41304347826087
"105","CACERES",2.8947368421,20,"Lazio","D",6,3.4210526316,5,5,NA,"",NA,"Dd",6.41304347826087
"106","CAICEDO",2.5649350649,22,"Lazio","A",6,3.6315789474,5,6,NA,"",NA,"Pc",6.41666666666667
"107","CALABRIA",1.7654761905,21,"Milan","D",6,3.4605263158,7,6,NA,"ME",9,"E",6.32
"108","CALABRIA",1.7654761905,21,"Milan","D",6,3.4605263158,7,6,NA,"ME",9,"Dd",6.32
"109","CALDARA",2.9125905797,24,"Atalanta","D",6,4.0394736842,11,12,NA,"",NA,"Dc",6.39583333333333
"110","CALHANOGLU",3.7198924731,31,"Milan","C",6.5,5.5921052632,20,21,NA,"",NA,"T",6.73529411764706
"111","CALHANOGLU",3.7198924731,31,"Milan","C",6.5,5.5921052632,20,21,NA,"",NA,"A",6.73529411764706
"112","CALLEJON",4.3842460882,38,"Napoli","A",6.5,7.1184210526,21,21,NA,"ME",15,"W",7.08333333333333
"113","CALLEJON",4.3842460882,38,"Napoli","A",6.5,7.1184210526,21,21,NA,"ME",15,"A",7.08333333333333
"114","CAMPBELL",NA,35,NA,"A",NA,5.4248756564,11,12,NA,"",NA,"A",5.5
"115","CAN ",NA,33,NA,"C",NA,6.4452883495,18,19,NA,"",NA,"M",6.2
"116","CAN ",NA,33,NA,"C",NA,6.4452883495,18,19,NA,"",NA,"C",6.2
"117","CANCELO",0.9153846154,26,"Inter","D",6,4.3421052632,14,14,NA,"VE",16,"Dd",6.33333333333333
"118","CANCELO",0.9153846154,26,"Inter","D",6,4.3421052632,14,14,NA,"VE",16,"E",6.33333333333333
"119","CANDREVA",0.835515873,36,"Inter","C",6,5.9342105263,13,13,NA,"",NA,"W",6.35897435897436
"120","CAPEZZI",0.0666666667,6,"Sampdoria","C",6,0.9736842105,4,4,NA,"",NA,"C",6
"121","CAPEZZI",0.0666666667,6,"Sampdoria","C",6,0.9736842105,4,4,NA,"",NA,"M",6
"122","CAPRARI",2.4830659537,34,"Sampdoria","A",6,5.6578947368,9,10,NA,"",NA,"T",6.42857142857143
"123","CAPRARI",2.4830659537,34,"Sampdoria","A",6,5.6578947368,9,10,NA,"",NA,"A",6.42857142857143
"124","CAPUANO",0.44,25,"Crotone","D",6,3.7763157895,4,5,NA,"",NA,"Dc",5.7037037037037
"125","CAPUANO",0.44,25,"Crotone","D",6,3.7763157895,4,5,NA,"",NA,"Ds",5.7037037037037
"126","CAPUTO",NA,36,NA,"A",NA,5.7742571478,14,14,NA,"",NA,"Pc",7.2
"127","CASSATA",2.2805555556,10,"Sassuolo","C",6,1.6184210526,2,2,NA,"",NA,"C",6.125
"128","CASTAGNE",0.4861842105,20,"Atalanta","D",6,3.1710526316,7,6,NA,"",NA,"E",6.10416666666667
"129","CASTAGNE",0.4861842105,20,"Atalanta","D",6,3.1710526316,7,6,NA,"",NA,"Dd",6.10416666666667
"130","CASTILLEJO",NA,38,NA,"A",NA,6.0697261987,15,16,NA,"",NA,"A",5.83333333333333
"131","CASTILLEJO",NA,38,NA,"A",NA,6.0697261987,15,16,NA,"",NA,"W",5.83333333333333
"132","CASTRO",3.5308333333,25,"Chievo","C",6,4.2894736842,11,12,NA,"",NA,"T",6.43103448275862
"133","CASTRO",3.5308333333,25,"Chievo","C",6,4.2894736842,11,12,NA,"",NA,"C",6.43103448275862
"134","CATALDI",0.9396551724,29,"Benevento","C",5.5,4.3947368421,3,4,NA,"",NA,"M",5.76666666666667
"135","CATALDI",0.9396551724,29,"Benevento","C",5.5,4.3947368421,3,4,NA,"",NA,"C",5.76666666666667
"136","CECCHERINI",1.0671921922,37,"Crotone","D",6,5.75,5,6,NA,"BRYAN",11,"Dd",5.90540540540541
"137","CECCHERINI",1.0671921922,37,"Crotone","D",6,5.75,5,6,NA,"BRYAN",11,"Dc",5.90540540540541
"138","CEPPITELLI",1.9294871795,27,"Cagliari","D",6,4.4605263158,7,8,NA,"",NA,"Dc",6.25
"139","CERAVOLO",NA,1,"Benevento","A",5.5,0.1447368421,9,10,NA,"",NA,"Pc",5.5
"140","CERRI",NA,21,NA,"A",NA,3.9845116956,6,7,NA,"",NA,"Pc",5.25
"141","CESAR",0.3027777778,10,"Chievo","D",5.75,1.4605263158,1,1,NA,"",NA,"Dc",5.55
"142","CHIBSAH",0.4903846154,14,"Benevento","C",5,1.9342105263,4,3,NA,"",NA,"C",5.36842105263158
"143","CHIBSAH",0.4903846154,14,"Benevento","C",5,1.9342105263,4,3,NA,"",NA,"M",5.36842105263158
"144","CHIELLINI",0.2446153846,26,"Juventus","D",6,4.2631578947,13,12,NA,"",NA,"Dc",6.28333333333333
"145","CHIESA",2.6196428571,36,"Fiorentina","C",6.5,6.5131578947,24,23,NA,"",NA,"W",7.0125
"146","CHIESA",2.6196428571,36,"Fiorentina","C",6.5,6.5131578947,24,23,NA,"",NA,"A",7.0125
"147","CHIRICHES",0.1547619048,7,"Napoli","D",5.5,1.0657894737,2,3,NA,"",NA,"Dc",5.78571428571429
"148","CIANO",NA,37,NA,"A",NA,4.9909204044,10,10,NA,"",NA,"A",5.5
"149","CICIRETTI",2.384469697,12,"Benevento","C",6,2.0657894737,11,12,NA,"",NA,"T",6.54166666666667
"150","CICIRETTI",2.384469697,12,"Benevento","C",6,2.0657894737,11,12,NA,"",NA,"W",6.54166666666667
"151","CIGARINI",2.1984615385,26,"Cagliari","C",6,4.0789473684,6,7,NA,"BRYAN",6,"M",5.93103448275862
"152","CIGARINI",2.1984615385,26,"Cagliari","C",6,4.0789473684,6,7,NA,"BRYAN",6,"C",5.93103448275862
"153","CIONEK",0.9452380952,15,"SPAL","D",6.5,2.5131578947,9,9,NA,"",NA,"Dc",6.225
"154","COLLEY",NA,21,NA,"D",NA,3.9845116956,6,7,NA,"",NA,"Dc",5.75
"155","CONSIGLI",4.6336336336,37,"Sassuolo","P",5,4.6315789474,9,9,NA,"",NA,"Por",4.72619047619048
"156","CONTI",0.125,2,"Milan","D",6.25,0.3289473684,6,7,NA,"",NA,"E",6.25
"157","CONTI",0.125,2,"Milan","D",6.25,0.3289473684,6,7,NA,"",NA,"Dd",6.25
"158","CORREA",NA,35,NA,"C",NA,5.4248756564,12,12,NA,"",NA,"T",6.125
"159","CORREA",NA,35,NA,"C",NA,5.4248756564,12,12,NA,"",NA,"A",6.125
"160","COSTA F",0.3932806324,23,"SPAL","D",6,3.5921052632,3,4,NA,"",NA,"E",5.9375
"161","COSTA F",0.3932806324,23,"SPAL","D",6,3.5921052632,3,4,NA,"",NA,"Ds",5.9375
"162","CRAGNO",3.6878078818,29,"Cagliari","P",5,3.6578947368,8,8,NA,"",NA,"Por",4.77941176470588
"163","CRISCITO",NA,30,NA,"D",NA,4.7231839663,9,9,NA,"",NA,"Dc",6.625
"164","CRISCITO",NA,30,NA,"D",NA,4.7231839663,9,9,NA,"",NA,"Ds",6.625
"165","CRISETIG",0.0714285714,8,"Bologna","C",5.75,1.2105263158,5,5,NA,"",NA,"M",5.75
"166","CRISETIG",0.0714285714,8,"Bologna","C",5.75,1.2105263158,5,5,NA,"",NA,"C",5.75
"167","CRISTANTE",4.3117063492,36,"Atalanta","C",6,6.4868421053,17,18,NA,"",NA,"C",6.76829268292683
"168","CRISTANTE",4.3117063492,36,"Atalanta","C",6,6.4868421053,17,18,NA,"",NA,"T",6.76829268292683
"169","CRISTIANO RONALDO",NA,33,NA,"A",NA,8.5762325955,45,49,NA,"BRYAN",60,"Pc",7.9
"170","CUADRADO",2.3119047619,21,"Juventus","C",7,3.9736842105,17,18,NA,"",NA,"W",6.96
"171","CUTRONE",6.8237433862,28,"Milan","A",6,5.3552631579,17,17,NA,"",NA,"Pc",7.31666666666667
"172","D'ALESSANDRO",1.2625,16,"Benevento","C",6.25,2.7105263158,3,3,NA,"",NA,"W",6.36111111111111
"173","D'AMBROSIO",1.4699197861,34,"Inter","D",6,5.5394736842,7,8,NA,"ME",6,"Ds",6.11538461538461
"174","D'AMBROSIO",1.4699197861,34,"Inter","D",6,5.5394736842,7,8,NA,"ME",6,"E",6.11538461538461
"175","D'AMBROSIO",1.4699197861,34,"Inter","D",6,5.5394736842,7,8,NA,"ME",6,"Dd",6.11538461538461
"176","DA COSTA",1.5625,4,"Bologna","P",5.25,0.5394736842,1,1,NA,"",NA,"Por",5.125
"177","DA CRUZ",NA,10,NA,"A",NA,1.5935300604,5,5,NA,"",NA,"A",5.25
"178","DABO",2.1777777778,10,"Fiorentina","C",6,1.6315789474,7,7,NA,"",NA,"C",6.19230769230769
"179","DABO",2.1777777778,10,"Fiorentina","C",6,1.6315789474,7,7,NA,"",NA,"M",6.19230769230769
"180","DALBERT",0.1923076923,13,"Inter","D",6,1.9605263158,3,3,NA,"",NA,"Ds",5.6875
"181","DALBERT",0.1923076923,13,"Inter","D",6,1.9605263158,3,3,NA,"",NA,"E",5.6875
"182","DALMONTE",NA,1,NA,"A",NA,0,1,1,NA,"",NA,"A",6
"183","DANILO",0.7134576613,32,"Udinese","D",6,4.9342105263,9,8,NA,"",NA,"Dc",5.87837837837838
"184","DE MAIO",1.3784615385,26,"Bologna","D",5.75,4.1315789474,6,7,NA,"",NA,"Dc",6.01724137931035
"185","DE PAUL",2.5664414414,37,"Udinese","C",6,6.2763157895,16,15,NA,"",NA,"T",6.78571428571429
"186","DE PAUL",2.5664414414,37,"Udinese","C",6,6.2763157895,16,15,NA,"",NA,"W",6.78571428571429
"187","DE ROON",1.4048573975,34,"Atalanta","C",6,5.5131578947,8,8,NA,"",NA,"M",6.11538461538461
"188","DE ROON",1.4048573975,34,"Atalanta","C",6,5.5131578947,8,8,NA,"",NA,"C",6.11538461538461
"189","DE ROSSI",1.2056277056,22,"Roma","C",6,3.5263157895,8,8,NA,"BRYAN",15,"M",6.07407407407407
"190","DE ROSSI",1.2056277056,22,"Roma","C",6,3.5263157895,8,8,NA,"BRYAN",15,"C",6.07407407407407
"191","DE SCIGLIO",1.196969697,12,"Juventus","D",6.5,2.1052631579,6,7,NA,"ME",3,"E",6.66666666666667
"192","DE SCIGLIO",1.196969697,12,"Juventus","D",6.5,2.1052631579,6,7,NA,"ME",3,"Ds",6.66666666666667
"193","DE SCIGLIO",1.196969697,12,"Juventus","D",6.5,2.1052631579,6,7,NA,"ME",3,"Dd",6.66666666666667
"194","DE SILVESTRI",2.2785714286,35,"Torino","D",6,6.0131578947,14,14,NA,"ME",10,"E",6.46153846153846
"195","DE SILVESTRI",2.2785714286,35,"Torino","D",6,6.0131578947,14,14,NA,"ME",10,"Dd",6.46153846153846
"196","DE VRIJ",1.9777777778,36,"Lazio","D",6.5,6.4210526316,18,17,NA,"GATTI",18,"Dc",6.7875
"197","DEFREL",1.1595238095,15,"Roma","A",5.5,2.3157894737,22,20,NA,"",NA,"Pc",6.65789473684211
"198","DEIOLA",0.1442307692,13,"Cagliari","C",6,2.0394736842,3,3,NA,"",NA,"C",5.96875
"199","DEIOLA",0.1442307692,13,"Cagliari","C",6,2.0394736842,3,3,NA,"",NA,"M",5.96875
"200","DELL'ORCO",0.3169642857,8,"Sassuolo","D",6,1.2763157895,3,4,NA,"",NA,"Ds",6.2
"201","DELL'ORCO",0.3169642857,8,"Sassuolo","D",6,1.2763157895,3,4,NA,"",NA,"Dc",6.2
"202","DEPAOLI",0.2032163743,19,"Chievo","C",6,2.8947368421,5,4,NA,"",NA,"E",5.80434782608696
"203","DEPAOLI",0.2032163743,19,"Chievo","C",6,2.8947368421,5,4,NA,"",NA,"M",5.80434782608696
"204","DEPAOLI",0.2032163743,19,"Chievo","C",6,2.8947368421,5,4,NA,"",NA,"Dd",5.80434782608696
"205","DESSENA",0.0955882353,17,"Cagliari","C",6,2.5921052632,3,3,NA,"",NA,"E",5.8
"206","DESSENA",0.0955882353,17,"Cagliari","C",6,2.5921052632,3,3,NA,"",NA,"M",5.8
"207","DESTRO",5.0338461538,26,"Bologna","A",6,4.5,12,13,NA,"",NA,"Pc",6.45
"208","DI FRANCESCO F",1.0851449275,24,"Bologna","A",6,3.9736842105,13,14,NA,"",NA,"W",6.5
"209","DI FRANCESCO F",1.0851449275,24,"Bologna","A",6,3.9736842105,13,14,NA,"",NA,"A",6.5
"210","DI GAUDIO",NA,1,NA,"C",NA,0,4,4,NA,"",NA,"W",5.7
"211","DI GAUDIO",NA,1,NA,"C",NA,0,4,4,NA,"",NA,"A",5.7
"212","DI LORENZO",NA,10,NA,"D",NA,1.5935300604,6,5,NA,"",NA,"Dd",6.2
"213","DI LORENZO",NA,10,NA,"D",NA,1.5935300604,6,5,NA,"",NA,"E",6.2
"214","DIAWARA",1.033496732,18,"Napoli","C",6,2.9868421053,9,9,NA,"",NA,"C",6.21428571428571
"215","DIAWARA",1.033496732,18,"Napoli","C",6,2.9868421053,9,9,NA,"",NA,"M",6.21428571428571
"216","DIJKS",NA,10,NA,"D",NA,1.5935300604,7,5,NA,"",NA,"Ds",6.125
"217","DIJKS",NA,10,NA,"D",NA,1.5935300604,7,5,NA,"",NA,"E",6.125
"218","DIMARCO",NA,10,NA,"D",NA,1.5935300604,4,5,NA,"",NA,"Ds",7.66666666666667
"219","DIMARCO",NA,10,NA,"D",NA,1.5935300604,4,5,NA,"",NA,"E",7.66666666666667
"220","DJIMSITI",0.6333333333,30,"Benevento","D",5.5,4.3947368421,3,2,NA,"",NA,"Dc",5.59090909090909
"221","DJORDJEVIC",NA,33,NA,"A",NA,5.2214092516,10,11,NA,"",NA,"Pc",5.25
"222","DJOUROU",NA,31,NA,"D",NA,4.4001562034,7,8,NA,"",NA,"Dc",5.5
"223","DJURICIC",0.6,16,"Benevento","C",6,2.5263157895,4,5,NA,"",NA,"T",5.97058823529412
"224","DONNARUMMA G",1.5741465149,38,"Milan","P",5,4.9868421053,11,12,NA,"",NA,"Por",4.91666666666667
"225","DONSAH",1.4523809524,28,"Bologna","C",6,4.6315789474,7,8,NA,"",NA,"M",6.28571428571429
"226","DONSAH",1.4523809524,28,"Bologna","C",6,4.6315789474,7,8,NA,"",NA,"C",6.28571428571429
"227","DOUGLAS COSTA",2.247311828,31,"Juventus","C",6.5,5.8947368421,24,24,NA,"GATTI",20,"W",7.07142857142857
"228","DRAGOWSKI",5.3333333333,3,"Fiorentina","P",1.5,0.2236842105,2,1,NA,"",NA,"Por",3.9
"229","DUNCAN",0.5815384615,26,"Sassuolo","C",5.75,3.9736842105,8,8,NA,"",NA,"C",5.88709677419355
"230","DUNCAN",0.5815384615,26,"Sassuolo","C",5.75,3.9736842105,8,8,NA,"",NA,"M",5.88709677419355
"231","DURMISI",NA,10,NA,"D",NA,1.5935300604,4,5,NA,"",NA,"Ds",6
"232","DURMISI",NA,10,NA,"D",NA,1.5935300604,4,5,NA,"",NA,"E",6
"233","DYBALA",17.4105113636,33,"Juventus","A",6.5,7.2631578947,33,36,NA,"VE",30,"A",8.05405405405405
"234","DZEKO",8.8259920635,36,"Roma","A",6,7.25,34,35,NA,"GATTI",21,"Pc",7.51219512195122
"235","DZEMAILI",1.4357142857,15,"Bologna","C",6,2.4078947368,11,13,NA,"",NA,"T",5.875
"236","DZEMAILI",1.4357142857,15,"Bologna","C",6,2.4078947368,11,13,NA,"",NA,"C",5.875
"237","EDERA",1.1607142857,14,"Torino","A",6,2.3552631579,3,4,NA,"",NA,"A",6.36666666666667
"238","EKDAL",NA,31,NA,"C",NA,4.4001562034,8,8,NA,"",NA,"M",6.375
"239","EKDAL",NA,31,NA,"C",NA,4.4001562034,8,8,NA,"",NA,"C",6.375
"240","EL SHAARAWY",4.3285984848,33,"Roma","A",6,5.8289473684,15,16,NA,"ME",12,"A",6.72222222222222
"241","EVERTON LUIZ",0.2545454545,11,"SPAL","C",6,1.6973684211,6,6,NA,"",NA,"C",5.85714285714286
"242","EVERTON LUIZ",0.2545454545,11,"SPAL","C",6,1.6973684211,6,6,NA,"",NA,"M",5.85714285714286
"243","EYSSERIC",1.0476190476,21,"Fiorentina","C",6,3.3815789474,9,8,NA,"",NA,"T",6.16
"244","EYSSERIC",1.0476190476,21,"Fiorentina","C",6,3.3815789474,9,8,NA,"",NA,"W",6.16
"245","FALCINELLI",1.318296371,32,"Fiorentina","A",5.5,4.9605263158,15,16,NA,"",NA,"Pc",5.90277777777778
"246","FARAGO'",3.7261904762,7,"Cagliari","D",7.5,1.4078947368,4,4,NA,"",NA,"E",7.05
"247","FARAGO'",3.7261904762,7,"Cagliari","D",7.5,1.4078947368,4,4,NA,"",NA,"Dd",7.05
"248","FARES",0.3862068966,30,"Verona","C",5.5,4.2631578947,4,5,NA,"BRYAN",2,"E",5.37142857142857
"249","FARIAS",1.9083994709,28,"Cagliari","A",5.75,4.3552631579,11,12,NA,"",NA,"A",5.84848484848485
"250","FAVILLI",NA,37,NA,"A",NA,4.9909204044,10,10,NA,"",NA,"Pc",7
"251","FAZIO",1.2230392157,34,"Roma","D",6.25,5.6710526316,11,11,NA,"ME",12,"Dc",6.34210526315789
"252","FELIPE",1.2876436782,30,"SPAL","D",6,4.6447368421,6,6,NA,"",NA,"Dc",5.9
"253","FERNANDES",NA,21,NA,"C",NA,3.9845116956,7,7,NA,"",NA,"C",5.83333333333333
"254","FERRARI A",1.2641666667,25,"Verona","D",5.5,3.6710526316,3,4,NA,"",NA,"Dd",5.58
"255","FERRARI A",1.2641666667,25,"Verona","D",5.5,3.6710526316,3,4,NA,"",NA,"Dc",5.58
"256","FERRARI G",1.7704022989,30,"Sampdoria","D",5.75,4.6447368421,10,8,NA,"",NA,"Dc",6.1
"257","FLOCCARI",3.5947368421,20,"SPAL","A",6,3.3684210526,4,5,NA,"",NA,"Pc",6.4
"258","FLORENZI",1.5393145161,32,"Roma","D",6,5.1842105263,14,14,NA,"BRYAN",10,"Dd",6.27777777777778
"259","FLORENZI",1.5393145161,32,"Roma","D",6,5.1842105263,14,14,NA,"BRYAN",10,"E",6.27777777777778
"260","FOFANA",2.4707977208,27,"Udinese","C",5.5,4.25,10,9,NA,"",NA,"M",6.125
"261","FOFANA",2.4707977208,27,"Udinese","C",5.5,4.25,10,9,NA,"",NA,"C",6.125
"262","FREULER",2.4966386555,35,"Atalanta","C",6,6.1315789474,16,16,NA,"ME",6,"C",6.57692307692308
"263","GAGLIARDINI",0.2540229885,30,"Inter","C",6,4.5526315789,6,7,NA,"",NA,"M",5.765625
"264","GAGLIARDINI",0.2540229885,30,"Inter","C",6,4.5526315789,6,7,NA,"",NA,"C",5.765625
"265","GAGLIOLO",NA,21,NA,"D",NA,3.3717878602,7,6,NA,"",NA,"Ds",6.3
"266","GAGLIOLO",NA,21,NA,"D",NA,3.3717878602,7,6,NA,"",NA,"Dc",6.3
"267","GAZZOLA",0.1944444444,9,"Sassuolo","D",6,1.3684210526,4,5,NA,"",NA,"E",5.77777777777778
"268","GAZZOLA",0.1944444444,9,"Sassuolo","D",6,1.3684210526,4,5,NA,"",NA,"Dd",5.77777777777778
"269","GERSON",2.6286231884,24,"Roma","C",6,3.9210526316,12,11,NA,"",NA,"C",6.375
"270","GERSON",2.6286231884,24,"Roma","C",6,3.9210526316,12,11,NA,"",NA,"T",6.375
"271","GERVINHO",NA,37,NA,"A",NA,4.9909204044,11,10,NA,"",NA,"A",8.125
"272","GHIGLIONE",NA,1,NA,"D",NA,0,2,2,NA,"",NA,"Dd",6.5
"273","GHIGLIONE",NA,1,NA,"D",NA,0,2,2,NA,"",NA,"E",6.5
"274","GHOULAM",4.1045454545,11,"Napoli","D",6.5,2.1315789474,8,9,NA,"",NA,"Ds",7.36363636363636
"275","GHOULAM",4.1045454545,11,"Napoli","D",6.5,2.1315789474,8,9,NA,"",NA,"E",7.36363636363636
"276","GIACCHERINI",2.8363970588,17,"Chievo","C",6,2.9736842105,14,14,NA,"",NA,"T",6.65909090909091
"277","GIACCHERINI",2.8363970588,17,"Chievo","C",6,2.9736842105,14,14,NA,"",NA,"W",6.65909090909091
"278","GOBBI",0.5416666667,24,"Chievo","D",5.75,3.6052631579,3,2,NA,"",NA,"Ds",5.68965517241379
"279","GOBBI",0.5416666667,24,"Chievo","D",5.75,3.6052631579,3,2,NA,"",NA,"E",5.68965517241379
"280","GOLDANIGA",1.641025641,13,"Sassuolo","D",6,2.1052631579,5,6,NA,"",NA,"Dc",6.06666666666667
"281","GOLLINI",1,7,"Atalanta","P",6,1.0131578947,1,1,NA,"",NA,"Por",4.95
"282","GOMEZ A",3.9294507576,33,"Atalanta","A",6.5,6.0657894737,24,23,NA,"BRYAN",20,"A",7.22972972972973
"283","GOMIS A",2.8538461538,26,"SPAL","P",4.5,3.1315789474,4,1,NA,"",NA,"Por",4.69354838709677
"284","GONZALEZ G",0.6174242424,22,"Bologna","D",5.5,3.25,6,6,NA,"",NA,"Dc",5.64
"285","GOSENS",0.8642857143,21,"Atalanta","D",6,3.4342105263,7,7,NA,"",NA,"Ds",6.16
"286","GOSENS",0.8642857143,21,"Atalanta","D",6,3.4342105263,7,7,NA,"",NA,"E",6.16
"287","GRASSI",1.6058201058,28,"SPAL","C",6,4.7368421053,9,9,NA,"",NA,"C",6.38333333333333
"288","GUNTER",NA,1,NA,"D",NA,0,3,3,NA,"",NA,"Dc",5.66666666666667
"289","HALLFREDSSON",0.3669590643,19,"Udinese","C",6,2.9078947368,2,3,NA,"",NA,"C",5.69565217391304
"290","HALLFREDSSON",0.3669590643,19,"Udinese","C",6,2.9078947368,2,3,NA,"",NA,"M",5.69565217391304
"291","HAMSIK",2.9345661451,38,"Napoli","C",6,6.6052631579,14,15,NA,"ME",15,"C",6.53571428571429
"292","HAMSIK",2.9345661451,38,"Napoli","C",6,6.6052631579,14,15,NA,"ME",15,"T",6.53571428571429
"293","HANDANOVIC",1.3513513514,38,"Inter","P",5.75,5.5,15,16,NA,"ME",28,"Por",5.44186046511628
"294","HATEBOER",0.125,33,"Atalanta","D",6,5.2105263158,9,8,NA,"",NA,"E",6.09722222222222
"295","HATEBOER",0.125,33,"Atalanta","D",6,5.2105263158,9,8,NA,"",NA,"Dd",6.09722222222222
"296","HELANDER",0.3552955665,29,"Bologna","D",6,4.4736842105,7,7,NA,"ME",1,"Dc",5.875
"297","HETEMAJ",1.9798387097,32,"Chievo","C",6,5.3157894737,5,6,NA,"ME",1,"E",6.25714285714286
"298","HETEMAJ",1.9798387097,32,"Chievo","C",6,5.3157894737,5,6,NA,"ME",1,"M",6.25714285714286
"299","HIGUAIN",8.3962184874,35,"Juventus","A",6.5,6.9342105263,32,33,NA,"BRYAN",23,"Pc",7.61538461538461
"300","HILJEMARK",0.8285714286,15,"Genoa","C",6,2.4078947368,6,6,NA,"",NA,"C",5.94736842105263
"301","HYSAJ",0.2785714286,35,"Napoli","D",6,5.5,9,9,NA,"",NA,"Dd",5.95
"302","HYSAJ",0.2785714286,35,"Napoli","D",6,5.5,9,9,NA,"",NA,"E",5.95
"303","HYSAJ",0.2785714286,35,"Napoli","D",6,5.5,9,9,NA,"",NA,"Ds",5.95
"304","IACOPONI",NA,1,NA,"D",NA,0,2,2,NA,"",NA,"Dc",5.7
"305","IACOPONI",NA,1,NA,"D",NA,0,2,2,NA,"",NA,"Dd",5.7
"306","IAGO FALQUE",5.0743243243,37,"Torino","A",6,7.1184210526,25,25,NA,"ME",18,"A",7.24390243902439
"307","ICARDI",18.5231729055,34,"Inter","A",9.5,7.9210526316,37,39,NA,"ME",51,"Pc",8.51315789473684
"308","ILICIC",8.3962365591,31,"Atalanta","C",6.5,6.3552631579,24,26,NA,"ME",2,"A",7.66666666666667
"309","ILICIC",8.3962365591,31,"Atalanta","C",6.5,6.3552631579,24,26,NA,"ME",2,"T",7.66666666666667
"310","IMMOBILE",20.2357954545,33,"Lazio","A",8.5,8.0526315789,39,41,NA,"VE",45,"Pc",9.0921052631579
"311","INGELSSON",2.2380952381,7,"Udinese","C",6,1.1447368421,1,1,NA,"",NA,"C",6.21428571428571
"312","INGELSSON",2.2380952381,7,"Udinese","C",6,1.1447368421,1,1,NA,"",NA,"W",6.21428571428571
"313","INGLESE",6.1737967914,34,"Chievo","A",5.75,6.1842105263,14,13,NA,"",NA,"Pc",7.03846153846154
"314","INSIGNE",3.9808558559,37,"Napoli","A",6.5,7.0657894737,26,27,NA,"VE",30,"A",7.44047619047619
"315","IONITA",0.2339285714,36,"Cagliari","C",5.75,5.4868421053,8,9,NA,"",NA,"C",5.78048780487805
"316","IONITA",0.2339285714,36,"Cagliari","C",5.75,5.4868421053,8,9,NA,"",NA,"T",5.78048780487805
"317","IZZO",1.05,16,"Genoa","D",6,2.5789473684,9,9,NA,"VE",9,"Dd",6.09523809523809
"318","IZZO",1.05,16,"Genoa","D",6,2.5789473684,9,9,NA,"VE",9,"Dc",6.09523809523809
"319","JANKTO",2.8593253968,36,"Udinese","C",6,6.0921052632,14,15,NA,"",NA,"C",6.36842105263158
"320","JAROSZYNSKI",0.3136363636,11,"Chievo","D",6,1.6447368421,4,5,NA,"",NA,"Ds",5.54166666666667
"321","JAROSZYNSKI",0.3136363636,11,"Chievo","D",6,1.6447368421,4,5,NA,"",NA,"E",5.54166666666667
"322","JOAO MARIO",0.3791208791,14,"Inter","C",6,2.2368421053,3,3,NA,"",NA,"C",6.07142857142857
"323","JOAO MARIO",0.3791208791,14,"Inter","C",6,2.2368421053,3,3,NA,"",NA,"T",6.07142857142857
"324","JOAO PEDRO",3.2359307359,22,"Cagliari","C",5.75,3.7368421053,12,13,NA,"",NA,"T",6.58333333333333
"325","JUAN JESUS",0.4464285714,22,"Roma","D",6,3.3289473684,6,7,NA,"",NA,"Dc",5.73913043478261
"326","JUAN JESUS",0.4464285714,22,"Roma","D",6,3.3289473684,6,7,NA,"",NA,"Ds",5.73913043478261
"327","KARNEZIS",NA,1,NA,"P",NA,0,1,1,NA,"",NA,"Por",5.5
"328","KARSDORP",NA,1,"Roma","D",5.5,0.1447368421,5,6,NA,"",NA,"E",5.5
"329","KARSDORP",NA,1,"Roma","D",5.5,0.1447368421,5,6,NA,"",NA,"Dd",5.5
"330","KEAN",5.1725146199,19,"Verona","A",5.5,3.1578947368,6,7,NA,"",NA,"Pc",6.31578947368421
"331","KEITA B",NA,33,NA,"A",NA,6.4452883495,18,19,NA,"GATTI",12,"A",5.6
"332","KESSIE'",3.6174924925,37,"Milan","C",6,6.1315789474,12,11,NA,"",NA,"C",6.39024390243902
"333","KESSIE'",3.6174924925,37,"Milan","C",6,6.1315789474,12,11,NA,"",NA,"M",6.39024390243902
"334","KHEDIRA",9.5834615385,26,"Juventus","C",6,4.9868421053,19,18,NA,"GATTI",16,"C",7.21666666666667
"335","KIYINE",NA,1,NA,"C",NA,0,3,3,NA,"",NA,"C",5.75
"336","KIYINE",NA,1,NA,"C",NA,0,3,3,NA,"",NA,"T",5.75
"337","KIYINE",NA,1,NA,"C",NA,0,3,3,NA,"",NA,"W",5.75
"338","KLAVAN",NA,21,NA,"D",NA,3.9845116956,7,7,NA,"",NA,"Dc",5.75
"339","KLUIVERT",NA,35,NA,"A",NA,6.3274304959,18,18,NA,"",NA,"A",6.25
"340","KOLAROV",1.637394958,35,"Roma","D",6.5,6.1052631579,16,17,NA,"",NA,"E",6.5
"341","KOLAROV",1.637394958,35,"Roma","D",6.5,6.1052631579,16,17,NA,"",NA,"Ds",6.5
"342","KOUAME'",NA,1,NA,"A",NA,0,5,3,NA,"",NA,"Pc",7
"343","KOULIBALY",2.5785714286,35,"Napoli","D",6.5,6.1973684211,15,17,NA,"BRYAN",17,"Dc",6.6125
"344","KOWNACKI",2.8939393939,22,"Sampdoria","A",6,3.8684210526,10,11,NA,"",NA,"Pc",6.77083333333333
"345","KRAJNC",NA,1,NA,"D",NA,0,4,4,NA,"",NA,"Dc",5.16666666666667
"346","KREJCI",0.1571969697,12,"Bologna","C",6,1.8026315789,4,5,NA,"",NA,"W",5.69230769230769
"347","KRUNIC",NA,30,NA,"C",NA,4.7231839663,10,9,NA,"",NA,"C",6.6
"348","KRUNIC",NA,30,NA,"C",NA,4.7231839663,10,9,NA,"",NA,"T",6.6
"349","KURTIC",1.791954023,30,"SPAL","C",5.5,4.7631578947,10,9,NA,"",NA,"T",6.12857142857143
"350","KURTIC",1.791954023,30,"SPAL","C",5.5,4.7631578947,10,9,NA,"",NA,"C",6.12857142857143
"351","LA GUMINA",NA,35,NA,"A",NA,5.4248756564,11,12,NA,"",NA,"Pc",5.6
"352","LAFONT",NA,37,NA,"P",NA,4.9909204044,10,10,NA,"VE",7,"Por",5.5
"353","LAPADULA",2.7337962963,28,"Genoa","A",5.5,4.6973684211,11,12,NA,"VE",6,"Pc",6.375
"354","LASAGNA",5.3737684729,29,"Udinese","A",6.5,5.6973684211,20,22,NA,"",NA,"Pc",7.26470588235294
"355","LAURINI",0.3376623377,22,"Fiorentina","D",6,3.3947368421,2,3,NA,"",NA,"Dd",5.86363636363636
"356","LAURINI",0.3376623377,22,"Fiorentina","D",6,3.3947368421,2,3,NA,"",NA,"E",5.86363636363636
"357","LAXALT",1.8324092742,32,"Genoa","C",6,5.3289473684,9,9,NA,"",NA,"E",6.3
"358","LAZOVIC",0.2369047619,21,"Genoa","C",6,3.3289473684,5,5,NA,"",NA,"C",5.96
"359","LAZOVIC",0.2369047619,21,"Genoa","C",6,3.3289473684,5,5,NA,"",NA,"E",5.96
"360","LAZZARI M",1.2285714286,36,"SPAL","C",6.5,6,11,10,NA,"",NA,"E",6.3780487804878
"361","LEMOS",3.8392857143,8,"Sassuolo","D",6.25,1.2894736842,6,7,NA,"",NA,"Dc",6
"362","LERIS",0.25,4,"Chievo","A",6,0.6052631579,1,1,NA,"",NA,"A",5.75
"363","LINETTY",1.8275862069,29,"Sampdoria","C",6,4.9210526316,7,6,NA,"",NA,"C",6.39393939393939
"364","LIROLA",0.3405797101,24,"Sassuolo","D",6,3.6842105263,8,6,NA,"",NA,"Dd",6.03448275862069
"365","LIROLA",0.3405797101,24,"Sassuolo","D",6,3.6842105263,8,6,NA,"",NA,"E",6.03448275862069
"366","LISANDRO LOPEZ",NA,1,"Inter","D",5.5,0.1447368421,6,7,NA,"",NA,"Dc",5.5
"367","LOCATELLI M",0.0976190476,21,"Milan","C",6,3.2894736842,7,7,NA,"",NA,"C",5.98
"368","LOCATELLI M",0.0976190476,21,"Milan","C",6,3.2894736842,7,7,NA,"",NA,"M",5.98
"369","LOMBARDI",0.5606617647,17,"Benevento","A",6,2.6052631579,2,3,NA,"",NA,"W",5.82352941176471
"370","LOMBARDI",0.5606617647,17,"Benevento","A",6,2.6052631579,2,3,NA,"",NA,"A",5.82352941176471
"371","LUCAS LEIVA",0.935515873,36,"Lazio","C",6.5,6.1710526316,11,12,NA,"",NA,"C",6.475
"372","LUCAS LEIVA",0.935515873,36,"Lazio","C",6.5,6.1710526316,11,12,NA,"",NA,"M",6.475
"373","LUIS ALBERTO",7.0073529412,34,"Lazio","C",6.5,6.7236842105,27,27,NA,"VE",20,"T",7.42105263157895
"374","LUIS ALBERTO",7.0073529412,34,"Lazio","C",6.5,6.7236842105,27,27,NA,"VE",20,"A",7.42105263157895
"375","LUIZ FELIPE",0.4060457516,18,"Lazio","D",6,2.7763157895,7,8,NA,"",NA,"Dc",5.84210526315789
"376","LUKAKU J",0.9781609195,30,"Lazio","D",6,4.9473684211,4,5,NA,"",NA,"E",6.26666666666667
"377","LUKIC",NA,1,NA,"C",NA,0,1,2,NA,"",NA,"C",6
"378","LULIC",2.2878151261,35,"Lazio","C",6,5.8552631579,11,11,NA,"",NA,"E",6.37179487179487
"379","LULIC",2.2878151261,35,"Lazio","C",6,5.8552631579,11,11,NA,"",NA,"C",6.37179487179487
"380","LUPERTO",NA,1,NA,"D",NA,0,2,2,NA,"",NA,"Ds",5.75
"381","LUPERTO",NA,1,NA,"D",NA,0,2,2,NA,"",NA,"Dc",5.75
"382","LYANCO",0.5,4,"Torino","D",6.25,0.6315789474,5,6,NA,"VE",2,"Dc",6
"383","LYKOGIANNIS",0.4409090909,11,"Cagliari","D",6,1.7631578947,4,5,NA,"",NA,"Ds",6
"384","LYKOGIANNIS",0.4409090909,11,"Cagliari","D",6,1.7631578947,4,5,NA,"",NA,"E",6
"385","MACHIS",NA,35,NA,"A",NA,5.4248756564,12,12,NA,"",NA,"A",5.9
"386","MAGNANELLI",0.3545866935,32,"Sassuolo","C",6,4.8552631579,5,5,NA,"",NA,"M",5.77272727272727
"387","MAGNANELLI",0.3545866935,32,"Sassuolo","C",6,4.8552631579,5,5,NA,"",NA,"C",5.77272727272727
"388","MAGNANI",NA,1,NA,"D",NA,0,3,2,NA,"",NA,"Dc",6.16666666666667
"389","MAIELLO",NA,10,NA,"C",NA,1.5935300604,6,5,NA,"",NA,"C",5.5
"390","MAIETTA",0.2380952381,7,"Bologna","D",6.5,1.1578947368,5,5,NA,"",NA,"Dc",6.16666666666667
"391","MAKSIMOVIC",0,2,"Napoli","D",6,0.3157894737,3,4,NA,"",NA,"Dc",6
"392","MANCINI G",2.0045454545,11,"Atalanta","D",6,1.7763157895,8,8,NA,"",NA,"Dc",6.15384615384615
"393","MANDRAGORA",1.2253968254,36,"Crotone","C",6,5.7368421053,9,9,NA,"BRYAN",5,"C",6.05
"394","MANDRAGORA",1.2253968254,36,"Crotone","C",6,5.7368421053,9,9,NA,"BRYAN",5,"M",6.05
"395","MANDZUKIC",2.8941532258,32,"Juventus","A",6,5.3947368421,20,18,NA,"",NA,"Pc",6.59459459459459
"396","MANOLAS",1.3318965517,29,"Roma","D",6,4.75,12,12,NA,"BRYAN",17,"Dc",6.22058823529412
"397","MARCANO",NA,21,NA,"D",NA,3.9845116956,6,7,NA,"",NA,"Dc",5
"398","MARCHETTI",NA,37,NA,"P",NA,4.9909204044,9,10,NA,"",NA,"Por",3.25
"399","MARIO RUI",1.5566666667,25,"Napoli","D",6,4.1710526316,7,8,NA,"",NA,"E",6.20689655172414
"400","MARIO RUI",1.5566666667,25,"Napoli","D",6,4.1710526316,7,8,NA,"",NA,"Ds",6.20689655172414
"401","MARLON",NA,31,NA,"D",NA,4.4001562034,7,8,NA,"",NA,"Dc",5.5
"402","MARTINEZ L",NA,37,NA,"A",NA,6.2025924819,16,17,NA,"",NA,"Pc",5.5
"403","MARUSIC",1.8346774194,32,"Lazio","C",6,5.4210526316,9,9,NA,"",NA,"E",6.35135135135135
"404","MASIELLO A",1.9365591398,31,"Atalanta","D",6.5,5.4210526316,13,14,NA,"",NA,"Dd",6.52857142857143
"405","MASIELLO A",1.9365591398,31,"Atalanta","D",6.5,5.4210526316,13,14,NA,"",NA,"Dc",6.52857142857143
"406","MATRI",2.0681818182,23,"Sassuolo","A",6,3.6315789474,2,3,NA,"",NA,"Pc",6
"407","MATTIELLO",0.2610837438,29,"SPAL","D",6,4.3947368421,8,8,NA,"",NA,"E",5.86764705882353
"408","MATUIDI",1.4586693548,32,"Juventus","C",6,5.3947368421,16,15,NA,"BRYAN",15,"M",6.5
"409","MATUIDI",1.4586693548,32,"Juventus","C",6,5.3947368421,16,15,NA,"BRYAN",15,"C",6.5
"410","MAURI J",NA,1,"Milan","C",6,0.1578947368,1,1,NA,"",NA,"M",6
"411","MAURI J",NA,1,"Milan","C",6,0.1578947368,1,1,NA,"",NA,"C",6
"412","MAZZITELLI",0.4809210526,20,"Sassuolo","C",6,3.0657894737,6,6,NA,"",NA,"C",5.84090909090909
"413","MAZZITELLI",0.4809210526,20,"Sassuolo","C",6,3.0657894737,6,6,NA,"",NA,"M",5.84090909090909
"414","MBAYE",1.1183333333,25,"Bologna","D",6,3.8947368421,4,5,NA,"",NA,"Dc",5.92307692307692
"415","MBAYE",1.1183333333,25,"Bologna","D",6,3.8947368421,4,5,NA,"",NA,"Ds",5.92307692307692
"416","MBAYE",1.1183333333,25,"Bologna","D",6,3.8947368421,4,5,NA,"",NA,"Dd",5.92307692307692
"417","MEDEIROS",3.1181818182,11,"Genoa","A",6,1.9473684211,10,11,NA,"",NA,"A",6.625
"418","MEDEIROS",3.1181818182,11,"Genoa","A",6,1.9473684211,10,11,NA,"",NA,"T",6.625
"419","MEGGIORINI",0.1952380952,15,"Chievo","A",5.5,2.1842105263,5,6,NA,"",NA,"A",5.53125
"420","MEITE'",NA,1,NA,"C",NA,0,6,3,NA,"",NA,"C",7.6
"421","MEITE'",NA,1,NA,"C",NA,0,6,3,NA,"",NA,"M",7.6
"422","MERET",4.4423076923,13,"SPAL","P",6,1.9605263158,13,14,NA,"",NA,"Por",5.73076923076923
"423","MERTENS",10.0094238976,38,"Napoli","A",6.25,7.7236842105,30,31,NA,"BRYAN",30,"A",7.62790697674419
"424","MILENKOVIC",0.3666666667,16,"Fiorentina","D",6,2.4210526316,8,6,NA,"ME",4,"Dd",6.2
"425","MILENKOVIC",0.3666666667,16,"Fiorentina","D",6,2.4210526316,8,6,NA,"ME",4,"Dc",6.2
"426","MILIK",4.6857142857,15,"Napoli","A",6,2.8026315789,26,26,NA,"GATTI",20,"Pc",7.13157894736842
"427","MILINKOVIC-SAVIC",6.5117647059,35,"Lazio","C",6.5,7,28,30,NA,"ME",32,"T",7.475
"428","MILINKOVIC-SAVIC",6.5117647059,35,"Lazio","C",6.5,7,28,30,NA,"ME",32,"C",7.475
"429","MILINKOVIC-SAVIC V",NA,1,"Torino","P",5,0.1315789474,7,8,NA,"",NA,"Por",5
"430","MIRANDA",0.2655913978,31,"Inter","D",6,4.9210526316,6,7,NA,"",NA,"Dc",6.01515151515152
"431","MIRANTE",1.8428030303,33,"Bologna","P",5,4.1710526316,1,1,NA,"ME",1,"Por",4.8030303030303
"432","MISSIROLI",0.7176470588,35,"Sassuolo","C",6,5.6184210526,7,6,NA,"",NA,"C",6.0875
"433","MOLINARO",0.4861842105,20,"Torino","D",6,3.0394736842,7,7,NA,"",NA,"E",5.74
"434","MOLINARO",0.4861842105,20,"Torino","D",6,3.0394736842,7,7,NA,"",NA,"Ds",5.74
"435","MONTOLIVO",1.1903594771,18,"Milan","C",6,2.8552631579,3,4,NA,"",NA,"C",6.02777777777778
"436","MONTOLIVO",1.1903594771,18,"Milan","C",6,2.8552631579,3,4,NA,"",NA,"M",6.02777777777778
"437","MORETTI",0.3555194805,22,"Torino","D",6,3.4078947368,3,3,NA,"",NA,"Ds",5.81481481481481
"438","MORETTI",0.3555194805,22,"Torino","D",6,3.4078947368,3,3,NA,"",NA,"Dc",5.81481481481481
"439","MRAZ",NA,21,NA,"A",NA,3.9845116956,8,7,NA,"",NA,"Pc",6.875
"440","MURGIA",0.1989583333,16,"Lazio","C",6,2.4342105263,2,3,NA,"",NA,"M",5.79411764705882
"441","MURGIA",0.1989583333,16,"Lazio","C",6,2.4342105263,2,3,NA,"",NA,"C",5.79411764705882
"442","MURRU",0.4598684211,20,"Sampdoria","D",5.75,3.0131578947,6,6,NA,"",NA,"E",5.77083333333333
"443","MURRU",0.4598684211,20,"Sampdoria","D",5.75,3.0131578947,6,6,NA,"",NA,"Ds",5.77083333333333
"444","MUSACCHIO",0.4238095238,15,"Milan","D",5.5,2.1973684211,5,5,NA,"",NA,"Dc",5.65789473684211
"445","N'KOULOU",1.2304804805,37,"Torino","D",6,6.0657894737,13,12,NA,"ME",10,"Dc",6.28571428571429
"446","NAGY",1.4015151515,12,"Bologna","C",6,1.9210526316,3,4,NA,"",NA,"C",5.96428571428571
"447","NAGY",1.4015151515,12,"Bologna","C",6,1.9210526316,3,4,NA,"",NA,"M",5.96428571428571
"448","NAINGGOLAN",2.823655914,31,"Roma","C",6.5,5.6315789474,25,25,NA,"",NA,"C",6.94117647058824
"449","NAINGGOLAN",2.823655914,31,"Roma","C",6.5,5.6315789474,25,25,NA,"",NA,"T",6.94117647058824
"450","NICOLAS",4.1640873016,36,"Verona","P",4,4.0131578947,1,1,NA,"",NA,"Por",4.23611111111111
"451","NORGAARD",NA,10,NA,"C",NA,1.5935300604,5,5,NA,"",NA,"M",6
"452","NORGAARD",NA,10,NA,"C",NA,1.5935300604,5,5,NA,"",NA,"C",6
"453","NUYTINCK",0.9729344729,27,"Udinese","D",6,4.3552631579,5,5,NA,"",NA,"Dc",6.125
"454","NZONZI",NA,33,NA,"C",NA,5.2214092516,10,11,NA,"",NA,"M",5.83333333333333
"455","NZONZI",NA,33,NA,"C",NA,5.2214092516,10,11,NA,"",NA,"C",5.83333333333333
"456","OBI",2.6948051948,22,"Torino","C",6,3.9736842105,5,5,NA,"",NA,"M",6.61111111111111
"457","OBI",2.6948051948,22,"Torino","C",6,3.9736842105,5,5,NA,"",NA,"E",6.61111111111111
"458","OKWONKWO",4.525,10,"Bologna","A",6,1.8289473684,5,5,NA,"",NA,"A",6.57142857142857
"459","OLIVERA M",0.369047619,7,"Fiorentina","D",6,1.0263157895,1,2,NA,"",NA,"E",5.57142857142857
"460","OLIVERA M",0.369047619,7,"Fiorentina","D",6,1.0263157895,1,2,NA,"",NA,"Ds",5.57142857142857
"461","OLSEN",NA,36,NA,"P",NA,5.7742571478,13,14,NA,"VE",22,"Por",4.1
"462","OMEONGA",0.0804093567,19,"Genoa","C",6,2.9736842105,4,5,NA,"",NA,"C",5.94736842105263
"463","OPOKU",NA,1,NA,"D",NA,0,2,3,NA,"",NA,"Dc",6
"464","ORSOLINI",0.1291666667,16,"Bologna","A",6,2.5,3,3,NA,"",NA,"T",5.9
"465","ORSOLINI",0.1291666667,16,"Bologna","A",6,2.5,3,3,NA,"",NA,"A",5.9
"466","OSPINA",NA,1,NA,"P",NA,0,1,1,NA,"",NA,"Por",3.83333333333333
"467","OUNAS",0.0833333333,7,"Napoli","A",6,1.1052631579,7,7,NA,"",NA,"A",6
"468","PADOIN",0.7132132132,37,"Cagliari","C",5.5,5.6578947368,5,4,NA,"",NA,"M",5.85
"469","PADOIN",0.7132132132,37,"Cagliari","C",5.5,5.6578947368,5,4,NA,"",NA,"E",5.85
"470","PALACIO",2.3399470899,28,"Bologna","A",6,4.8684210526,8,8,NA,"",NA,"A",6.58620689655172
"471","PALOMINO",0.8753846154,26,"Atalanta","D",6,4.2105263158,6,7,NA,"",NA,"Dc",6.06896551724138
"472","PALOSCHI",3.0878968254,36,"SPAL","A",5.5,5.9868421053,12,13,NA,"",NA,"Pc",6.27631578947368
"473","PANDEV",2.6290322581,32,"Genoa","A",6,5.4736842105,11,9,NA,"",NA,"A",6.6
"474","PARIGINI",0.1904761905,21,"Benevento","A",6,3.1710526316,6,7,NA,"",NA,"W",5.73913043478261
"475","PARIGINI",0.1904761905,21,"Benevento","A",6,3.1710526316,6,7,NA,"",NA,"A",5.73913043478261
"476","PAROLO",3.1349462366,31,"Lazio","C",6,5.3684210526,13,13,NA,"",NA,"C",6.65277777777778
"477","PAROLO",3.1349462366,31,"Lazio","C",6,5.3684210526,13,13,NA,"",NA,"M",6.65277777777778
"478","PASALIC",NA,36,NA,"C",NA,5.7742571478,15,14,NA,"VE",16,"C",6.7
"479","PASALIC",NA,36,NA,"C",NA,5.7742571478,15,14,NA,"VE",16,"T",6.7
"480","PASQUAL",NA,21,NA,"D",NA,3.9845116956,7,7,NA,"",NA,"E",6
"481","PASQUAL",NA,21,NA,"D",NA,3.9845116956,7,7,NA,"",NA,"Ds",6
"482","PASTORE",NA,34,NA,"C",NA,6.6633038085,21,21,NA,"GATTI",20,"T",6.375
"483","PASTORE",NA,34,NA,"C",NA,6.6633038085,21,21,NA,"GATTI",20,"C",6.375
"484","PATRIC",0.35,11,"Lazio","D",6,1.7368421053,1,2,NA,"",NA,"Ds",6
"485","PATRIC",0.35,11,"Lazio","D",6,1.7368421053,1,2,NA,"",NA,"E",6
"486","PATRIC",0.35,11,"Lazio","D",6,1.7368421053,1,2,NA,"",NA,"Dd",6
"487","PAVOLETTI",4.4446022727,33,"Cagliari","A",6,6,18,17,NA,"",NA,"Pc",7
"488","PEGOLO",2,2,"Sassuolo","P",5,0.2631578947,1,1,NA,"",NA,"Por",5
"489","PELLEGRINI LO",NA,36,NA,"C",NA,5.7742571478,13,14,NA,"",NA,"C",5.16666666666667
"490","PELLISSIER",1.3581871345,19,"Chievo","A",6,3.0263157895,2,3,NA,"",NA,"Pc",6.05
"491","PELUSO",1.0698924731,31,"Sassuolo","D",6,4.7763157895,3,4,NA,"",NA,"Dc",5.85483870967742
"492","PELUSO",1.0698924731,31,"Sassuolo","D",6,4.7763157895,3,4,NA,"",NA,"Ds",5.85483870967742
"493","PEREIRA P",0.1416666667,6,"Genoa","D",6,0.9342105263,2,3,NA,"",NA,"Dd",5.92857142857143
"494","PEREIRA P",0.1416666667,6,"Genoa","D",6,0.9342105263,2,3,NA,"",NA,"E",5.92857142857143
"495","PERICA",0.8988095238,22,"Udinese","A",5.5,3.3289473684,10,12,NA,"",NA,"Pc",5.61111111111111
"496","PERIN",1.384009009,37,"Genoa","P",5,5,1,1,NA,"VE",7,"Por",5.13513513513514
"497","PERISIC",7.1813063063,37,"Inter","C",6,6.9736842105,29,28,NA,"GATTI",35,"W",7.21428571428571
"498","PERISIC",7.1813063063,37,"Inter","C",6,6.9736842105,29,28,NA,"GATTI",35,"A",7.21428571428571
"499","PEROTTI",4.3516666667,25,"Roma","C",6,4.3947368421,15,16,NA,"",NA,"W",6.59615384615385
"500","PEROTTI",4.3516666667,25,"Roma","C",6,4.3947368421,15,16,NA,"",NA,"T",6.59615384615385
"501","PESSINA",NA,10,NA,"C",NA,1.5935300604,5,5,NA,"",NA,"C",6.25
"502","PETAGNA",2.6416256158,29,"Atalanta","A",6,4.9342105263,14,15,NA,"",NA,"Pc",6.55882352941176
"503","PEZZELLA GER",0.8493761141,34,"Fiorentina","D",6,5.4736842105,10,10,NA,"BRYAN",7,"Dc",6.10526315789474
"504","PEZZELLA GIU",0.3738095238,15,"Udinese","D",5.5,2.1842105263,4,5,NA,"",NA,"E",5.53333333333333
"505","PEZZELLA GIU",0.3738095238,15,"Udinese","D",5.5,2.1842105263,4,5,NA,"",NA,"Ds",5.53333333333333
"506","PIATEK",NA,35,NA,"A",NA,5.6077246726,15,13,NA,"",NA,"Pc",10.75
"507","PINAMONTI",NA,1,"Inter","A",6,0.1578947368,6,7,NA,"",NA,"Pc",6
"508","PINSOGLIO",NA,1,"Juventus","P",5,0.1315789474,1,1,NA,"",NA,"Por",5
"509","PISACANE",0.4995471014,24,"Cagliari","D",5.75,3.6184210526,3,4,NA,"",NA,"Dd",5.68
"510","PISACANE",0.4995471014,24,"Cagliari","D",5.75,3.6184210526,3,4,NA,"",NA,"Dc",5.68
"511","PISACANE",0.4995471014,24,"Cagliari","D",5.75,3.6184210526,3,4,NA,"",NA,"Ds",5.68
"512","PJACA",NA,38,NA,"A",NA,6.0697261987,16,16,NA,"",NA,"A",7.25
"513","PJANIC",3.2989247312,31,"Juventus","C",6.5,5.7368421053,21,20,NA,"BRYAN",10,"C",7.04285714285714
"514","POLI",1.2651209677,32,"Bologna","C",6,5.1315789474,8,8,NA,"",NA,"M",6.05555555555556
"515","POLI",1.2651209677,32,"Bologna","C",6,5.1315789474,8,8,NA,"",NA,"C",6.05555555555556
"516","POLITANO",6.25,36,"Sassuolo","A",6,6.5526315789,15,15,NA,"ME",8,"A",6.79268292682927
"517","PONTISSO",NA,1,"Udinese","C",6,0.1578947368,1,1,NA,"",NA,"C",6
"518","PONTISSO",NA,1,"Udinese","C",6,0.1578947368,1,1,NA,"",NA,"M",6
"519","PRAET",0.9191028226,32,"Sampdoria","C",6,5.25,9,10,NA,"",NA,"C",6.22727272727273
"520","PRAET",0.9191028226,32,"Sampdoria","C",6,5.25,9,10,NA,"",NA,"T",6.22727272727273
"521","PUCCIARELLI",1.6174242424,22,"Chievo","A",5.5,3.4078947368,3,4,NA,"",NA,"A",5.88636363636364
"522","PULGAR",2.5393145161,32,"Bologna","C",6,5.1315789474,9,10,NA,"",NA,"C",6.01388888888889
"523","PULGAR",2.5393145161,32,"Bologna","C",6,5.1315789474,9,10,NA,"",NA,"M",6.01388888888889
"524","PUSSETTO",NA,35,NA,"A",NA,5.4248756564,11,12,NA,"",NA,"W",6.25
"525","PUSSETTO",NA,35,NA,"A",NA,5.4248756564,11,12,NA,"",NA,"A",6.25
"526","QUAGLIARELLA",9.6050420168,35,"Sampdoria","A",6.5,7.3026315789,28,28,NA,"ME",16,"Pc",8
"527","RADOVANOVIC",0.8201680672,35,"Chievo","C",6,5.4736842105,7,7,NA,"",NA,"M",5.9125
"528","RADOVANOVIC",0.8201680672,35,"Chievo","C",6,5.4736842105,7,7,NA,"",NA,"C",5.9125
"529","RADU",0.3951612903,31,"Lazio","D",6,4.8026315789,8,8,NA,"",NA,"Dc",5.9
"530","RADU",0.3951612903,31,"Lazio","D",6,4.8026315789,8,8,NA,"",NA,"Ds",5.9
"531","RAFAEL",1.5555555556,10,"Cagliari","P",5,1.3157894737,1,1,NA,"",NA,"Por",5
"532","RAMIREZ",2.5285285285,37,"Sampdoria","C",6,6.1710526316,13,14,NA,"ME",8,"T",6.31707317073171
"533","RANOCCHIA",2.5545454545,11,"Inter","D",6,1.9210526316,3,4,NA,"",NA,"Dc",6.63636363636364
"534","RASMUSSEN",NA,1,NA,"D",NA,0,3,3,NA,"",NA,"Dc",5.33333333333333
"535","REGINI",0.2857142857,14,"Sampdoria","D",6,2.1578947368,2,3,NA,"",NA,"Dc",5.85714285714286
"536","REGINI",0.2857142857,14,"Sampdoria","D",6,2.1578947368,2,3,NA,"",NA,"Ds",5.85714285714286
"537","REINA",1.5758258258,37,"Napoli","P",6,5.1578947368,1,1,NA,"",NA,"Por",5.2972972972973
"538","RIGONI E",NA,33,NA,"A",NA,5.2214092516,12,11,NA,"",NA,"A",8.375
"539","RIGONI L",2.1106719368,23,"Genoa","C",6,3.7763157895,7,8,NA,"",NA,"C",6.14814814814815
"540","RIGONI N",0.2142857143,15,"Chievo","C",5.5,2.1710526316,6,6,NA,"",NA,"C",5.625
"541","RIGONI N",0.2142857143,15,"Chievo","C",5.5,2.1710526316,6,6,NA,"",NA,"M",5.625
"542","RINCON",0.6783730159,36,"Torino","C",6,5.6710526316,8,7,NA,"",NA,"C",5.9875
"543","RINCON",0.6783730159,36,"Torino","C",6,5.6710526316,8,7,NA,"",NA,"M",5.9875
"544","RODRIGUEZ R",1.1553030303,34,"Milan","D",6,5.1447368421,8,8,NA,"",NA,"E",5.80263157894737
"545","RODRIGUEZ R",1.1553030303,34,"Milan","D",6,5.1447368421,8,8,NA,"",NA,"Ds",5.80263157894737
"546","ROG",0.4761904762,28,"Napoli","C",6,4.4736842105,5,6,NA,"",NA,"C",6.046875
"547","ROG",0.4761904762,28,"Napoli","C",6,4.4736842105,5,6,NA,"",NA,"T",6.046875
"548","ROGERIO",0.3173076923,13,"Sassuolo","D",6,1.9605263158,5,4,NA,"",NA,"E",5.77777777777778
"549","ROGERIO",0.3173076923,13,"Sassuolo","D",6,1.9605263158,5,4,NA,"",NA,"Ds",5.77777777777778
"550","ROMAGNA",0.4229249012,23,"Cagliari","D",6,3.5263157895,6,6,NA,"VE",6,"Dc",5.78571428571429
"551","ROMAGNOLI A",1.2685185185,28,"Milan","D",6,4.6052631579,10,10,NA,"",NA,"Dc",6.203125
"552","ROMULO",1.7728978979,37,"Verona","C",6,6.1973684211,9,9,NA,"ME",1,"M",6.31707317073171
"553","ROMULO",1.7728978979,37,"Verona","C",6,6.1973684211,9,9,NA,"ME",1,"E",6.31707317073171
"554","ROSSETTINI",0.5276679842,23,"Genoa","D",6,3.5526315789,6,5,NA,"",NA,"Dc",5.78571428571429
"555","ROSSETTINI",0.5276679842,23,"Genoa","D",6,3.5526315789,6,5,NA,"",NA,"Dd",5.78571428571429
"556","ROSSI F",NA,1,"Atalanta","P",4.5,0.1184210526,1,1,NA,"",NA,"Por",4.5
"557","RUGANI",1.4978354978,22,"Juventus","D",6,3.7368421053,7,8,NA,"",NA,"Dc",6.45652173913043
"558","SALA",0.5064102564,13,"Sampdoria","D",5.5,1.9210526316,3,3,NA,"",NA,"E",5.66666666666667
"559","SALA",0.5064102564,13,"Sampdoria","D",5.5,1.9210526316,3,3,NA,"",NA,"Dd",5.66666666666667
"560","SALAMON",0.3982683983,22,"SPAL","D",6,3.3157894737,4,4,NA,"",NA,"Dc",5.64814814814815
"561","SALCEDO MORA",0,2,"Genoa","A",6,0.3157894737,1,1,NA,"",NA,"Pc",6
"562","SAMIR",1.1978494624,31,"Udinese","D",5.5,4.6973684211,7,6,NA,"",NA,"Ds",5.81944444444444
"563","SAMIR",1.1978494624,31,"Udinese","D",5.5,4.6973684211,7,6,NA,"",NA,"Dc",5.81944444444444
"564","SANDRO",1.4464285714,14,"Benevento","C",6.25,2.3289473684,8,9,NA,"",NA,"C",6.3
"565","SANDRO",1.4464285714,14,"Benevento","C",6.25,2.3289473684,8,9,NA,"",NA,"M",6.3
"566","SANTANDER",NA,37,NA,"A",NA,4.9909204044,10,10,NA,"",NA,"Pc",6.7
"567","SANTON",0.5785714286,15,"Inter","D",6,2.2105263158,3,3,NA,"",NA,"Dd",5.625
"568","SANTON",0.5785714286,15,"Inter","D",6,2.2105263158,3,3,NA,"",NA,"Ds",5.625
"569","SANTON",0.5785714286,15,"Inter","D",6,2.2105263158,3,3,NA,"",NA,"E",5.625
"570","SANTURRO",NA,1,"Bologna","P",5.5,0.1447368421,1,1,NA,"",NA,"Por",5.5
"571","SAPONARA",0.5923202614,18,"Fiorentina","C",6,2.9342105263,11,10,NA,"",NA,"T",6.275
"572","SAU",1.8103448276,29,"Cagliari","A",6,4.5,8,9,NA,"",NA,"A",5.80882352941176
"573","SCHIATTARELLA",0.7811827957,31,"SPAL","C",6,5.1052631579,5,4,NA,"",NA,"C",6.26388888888889
"574","SCHICK",1.8446969697,22,"Roma","A",6,3.4868421053,17,17,NA,"",NA,"Pc",6
"575","SCUFFET",6.1666666667,6,"Udinese","P",3.5,0.6842105263,3,1,NA,"",NA,"Por",4.72727272727273
"576","SECULIN",NA,1,NA,"P",NA,0,1,1,NA,"",NA,"Por",2.25
"577","SENSI",2.3051470588,17,"Sassuolo","C",6,2.8421052632,6,6,NA,"",NA,"M",6.35
"578","SENSI",2.3051470588,17,"Sassuolo","C",6,2.8421052632,6,6,NA,"",NA,"C",6.35
"579","SEPE",NA,1,"Napoli","P",6,0.1578947368,6,6,NA,"",NA,"Por",5.25
"580","SILIGARDI",NA,21,NA,"A",NA,3.9845116956,7,7,NA,"",NA,"A",6.5
"581","SILVESTRE",1.0207219251,34,"Sampdoria","D",6,5.4078947368,7,7,NA,"",NA,"Dc",6
"582","SIMEONE",7.359886202,38,"Fiorentina","A",5.5,7.2105263158,26,26,NA,"BRYAN",NA,"Pc",7.19047619047619
"583","SIMIC L",2.1666666667,6,"SPAL","D",6,1.0526315789,1,2,NA,"",NA,"Dc",6.44444444444444
"584","SIMIC S",0.1944444444,9,"Crotone","D",6,1.3684210526,1,2,NA,"",NA,"Dc",5.77777777777778
"585","SIRIGU",2.6546546547,37,"Torino","P",5,5.25,11,11,NA,"",NA,"Por",5.32142857142857
"586","SKORUPSKI",NA,1,"Roma","P",6.5,0.1710526316,9,9,NA,"",NA,"Por",5.41666666666667
"587","SKRINIAR",1.6466927454,38,"Inter","D",6.25,6.5921052632,16,16,NA,"ME",8,"Dc",6.57142857142857
"588","SODDIMO",NA,10,NA,"C",NA,1.5935300604,5,5,NA,"",NA,"W",6
"589","SODDIMO",NA,10,NA,"C",NA,1.5935300604,5,5,NA,"",NA,"C",6
"590","SODDIMO",NA,10,NA,"C",NA,1.5935300604,5,5,NA,"",NA,"T",6
"591","SORIANO",NA,35,NA,"C",NA,5.4248756564,12,12,NA,"",NA,"T",6.6
"592","SORIANO",NA,35,NA,"C",NA,5.4248756564,12,12,NA,"",NA,"C",6.6
"593","SORRENTINO",4.039829303,38,"Chievo","P",5.5,4.9736842105,9,9,NA,"",NA,"Por",4.98809523809524
"594","SPINAZZOLA",0.4967320261,18,"Atalanta","D",5.5,2.8157894737,5,6,NA,"",NA,"E",5.94444444444444
"595","SPINAZZOLA",0.4967320261,18,"Atalanta","D",5.5,2.8157894737,5,6,NA,"",NA,"Ds",5.94444444444444
"596","SPOLLI",0.3833333333,21,"Genoa","D",6.5,3.4078947368,5,6,NA,"",NA,"Dc",6.02
"597","SPORTIELLO",2.7173423423,37,"Fiorentina","P",5,5,6,6,NA,"ME",1,"Por",4.96428571428571
"598","SRNA",NA,21,NA,"D",NA,3.9845116956,8,7,NA,"ME",8,"Dd",6.125
"599","SRNA",NA,21,NA,"D",NA,3.9845116956,8,7,NA,"ME",8,"E",6.125
"600","STEPINSKI",3.4269480519,22,"Chievo","A",6,3.8289473684,13,13,NA,"",NA,"Pc",6.68518518518519
"601","STIJEPOVIC",NA,1,"Sampdoria","C",6,0.1578947368,1,1,NA,"",NA,"W",6
"602","STIJEPOVIC",NA,1,"Sampdoria","C",6,0.1578947368,1,1,NA,"",NA,"A",6
"603","STRAKOSHA",2.3942034139,38,"Lazio","P",5,5.0657894737,12,12,NA,"VE",15,"Por",5.1046511627907
"604","STRINIC",0.7334558824,17,"Sampdoria","D",6,2.6973684211,4,5,NA,"",NA,"Ds",6.02941176470588
"605","STRINIC",0.7334558824,17,"Sampdoria","D",6,2.6973684211,4,5,NA,"",NA,"E",6.02941176470588
"606","STRYGER LARSEN",0.466954023,30,"Udinese","D",6,4.6710526316,6,6,NA,"",NA,"Dc",5.88571428571429
"607","STRYGER LARSEN",0.466954023,30,"Udinese","D",6,4.6710526316,6,6,NA,"",NA,"Dd",5.88571428571429
"608","STULAC",NA,10,NA,"C",NA,1.5935300604,6,5,NA,"",NA,"C",6
"609","STULAC",NA,10,NA,"C",NA,1.5935300604,6,5,NA,"",NA,"M",6
"610","SUSO",4.2470588235,35,"Milan","A",6.5,6.3552631579,20,21,NA,"BRYAN",NA,"A",6.92307692307692
"611","SUSO",4.2470588235,35,"Milan","A",6.5,6.3552631579,20,21,NA,"BRYAN",NA,"T",6.92307692307692
"612","SZCZESNY",1.2334558824,17,"Juventus","P",6,2.4736842105,18,18,NA,"ME",23,"Por",5.5
"613","TEODORCZYK",NA,35,NA,"A",NA,5.4248756564,11,12,NA,"",NA,"Pc",5.4
"614","TERRACCIANO",NA,1,NA,"P",NA,0,4,1,NA,"",NA,"Por",5
"615","THEREAU",5.1103896104,22,"Fiorentina","A",6,4.1052631579,12,13,NA,"",NA,"A",7.09090909090909
"616","TOLOI",0.6064516129,31,"Atalanta","D",6.5,5.1710526316,10,10,NA,"",NA,"Dc",6.3
"617","TOMOVIC",0.5818965517,29,"Chievo","D",5.5,4.3684210526,7,6,NA,"",NA,"Dc",5.77941176470588
"618","TOMOVIC",0.5818965517,29,"Chievo","D",5.5,4.3684210526,7,6,NA,"",NA,"Dd",5.77941176470588
"619","TONELLI",5.5625,4,"Napoli","D",5.5,0.6447368421,6,6,NA,"",NA,"Dc",6.25
"620","TRAORE' HJ",NA,1,NA,"C",NA,0,1,1,NA,"",NA,"T",6
"621","TRAORE' HJ",NA,1,NA,"C",NA,0,1,1,NA,"",NA,"C",6
"622","TROOST-EKONG",NA,1,NA,"D",NA,0,5,3,NA,"",NA,"Dc",6.2
"623","TROTTA",4.0445632799,34,"Crotone","A",6,5.8421052632,7,8,NA,"",NA,"Pc",6.52941176470588
"624","TUMMINELLO",2.8916666667,10,"Crotone","A",6,1.8815789474,7,8,NA,"",NA,"Pc",7.15
"625","UNDER",5.6384615385,26,"Roma","A",6,4.7631578947,20,21,NA,"ME",14,"A",6.83333333333333
"626","VALDIFIORI",0.2243589744,13,"Torino","C",6,1.9342105263,3,3,NA,"",NA,"C",5.6875
"627","VALOTI",3.1584615385,26,"Verona","C",5.5,4.0789473684,4,5,NA,"VE",5,"C",5.96296296296296
"628","VALOTI",3.1584615385,26,"Verona","C",5.5,4.0789473684,4,5,NA,"VE",5,"T",5.96296296296296
"629","VALZANIA",NA,1,NA,"C",NA,0,2,2,NA,"",NA,"C",6
"630","VECINO",1.9002463054,29,"Inter","C",6,4.8157894737,9,10,NA,"",NA,"C",6.24242424242424
"631","VECINO",1.9002463054,29,"Inter","C",6,4.8157894737,9,10,NA,"",NA,"M",6.24242424242424
"632","VERDI",4.7557932264,34,"Bologna","C",6,6.5526315789,17,18,NA,"ME",12,"T",7.33333333333333
"633","VERDI",4.7557932264,34,"Bologna","C",6,6.5526315789,17,18,NA,"ME",12,"A",7.33333333333333
"634","VERETOUT",5.0910714286,36,"Fiorentina","C",6.25,6.4342105263,16,17,NA,"BRYAN",15,"C",6.77631578947368
"635","VESELI",NA,1,NA,"D",NA,0,3,4,NA,"",NA,"Dc",5.83333333333333
"636","VESELI",NA,1,NA,"D",NA,0,3,4,NA,"",NA,"Ds",5.83333333333333
"637","VESELI",NA,1,NA,"D",NA,0,3,4,NA,"",NA,"Dd",5.83333333333333
"638","VICARI",0.513368984,34,"SPAL","D",5.75,5.2105263158,6,4,NA,"",NA,"Dc",5.8974358974359
"639","VIEIRA",NA,21,NA,"C",NA,3.3717878602,5,6,NA,"",NA,"M",6
"640","VIEIRA",NA,21,NA,"C",NA,3.3717878602,5,6,NA,"",NA,"C",6
"641","VITALE",0,2,"SPAL","C",6,0.3157894737,1,1,NA,"",NA,"C",6
"642","VITOR HUGO",1.5160818713,19,"Fiorentina","D",6,3.0526315789,7,6,NA,"",NA,"Dc",6.1304347826087
"643","VIVIANI",1.3645320197,29,"SPAL","C",6,4.8157894737,8,9,NA,"",NA,"M",6.31034482758621
"644","VIVIANI",1.3645320197,29,"SPAL","C",6,4.8157894737,8,9,NA,"",NA,"C",6.31034482758621
"645","VIZEU",NA,30,NA,"A",NA,4.7231839663,8,9,NA,"",NA,"Pc",6
"646","VRSALJKO",NA,36,NA,"D",NA,5.7742571478,13,14,NA,"",NA,"Dd",6
"647","VRSALJKO",NA,36,NA,"D",NA,5.7742571478,13,14,NA,"",NA,"E",6
"648","WAGUE",NA,1,"Udinese","D",5,0.1315789474,1,1,NA,"",NA,"Dc",5
"649","WALLACE",0.4423076923,13,"Lazio","D",6,1.9605263158,5,5,NA,"",NA,"Dc",5.79411764705882
"650","ZAJC",NA,31,NA,"C",NA,4.4001562034,9,8,NA,"",NA,"T",6
"651","ZAMPANO",2.075,6,"Udinese","D",5.75,0.9868421053,6,5,NA,"",NA,"Dd",5.90909090909091
"652","ZAMPANO",2.075,6,"Udinese","D",5.75,0.9868421053,6,5,NA,"",NA,"E",5.90909090909091
"653","ZAMPANO",2.075,6,"Udinese","D",5.75,0.9868421053,6,5,NA,"",NA,"Ds",5.90909090909091
"654","ZAPATA C",0.6742424242,12,"Milan","D",6.25,1.9210526316,3,4,NA,"",NA,"Dc",6.08333333333333
"655","ZAPATA D",4.7161290323,31,"Sampdoria","A",6.5,6.0131578947,25,26,NA,"ME",10,"Pc",7.23611111111111
"656","ZAZA",NA,35,NA,"A",NA,6.764737624,21,22,NA,"",NA,"Pc",5.33333333333333
"657","ZIELINSKI",1.935515873,36,"Napoli","C",6,6.1447368421,16,14,NA,"GATTI",32,"C",6.60975609756098
"658","ZIELINSKI",1.935515873,36,"Napoli","C",6,6.1447368421,16,14,NA,"GATTI",32,"T",6.60975609756098
"659","ZUKANOVIC",0.4166666667,31,"Genoa","D",6,4.8947368421,5,5,NA,"",NA,"Dc",5.94117647058824
"660","ZUKANOVIC",0.4166666667,31,"Genoa","D",6,4.8947368421,5,5,NA,"",NA,"Ds",5.94117647058824
