"Id","R","Name","Squadra","Qt. Amantra","Qt. Imantra","Diff."
2610,"Pc","CRISTIANO RONALDO","Juventus",45,46,-1
2756,"Pc","PIATEK","Milan",37,38,-1
785,"Pc","IMMOBILE","Lazio",36,34,2
2531,"Pc","LUKAKU R","Inter",36,35,1
608,"Pc","ZAPATA D","Atalanta",35,36,-1
568,"Pc","QUAGLIARELLA","Sampdoria",33,34,-1
277,"Pc","ICARDI","Inter",31,31,0
647,"Pc","DZEKO","Roma",31,30,1
441,"Pc","BELOTTI","Torino",31,30,1
409,"A","INSIGNE","Napoli",29,27,2
408,"Pc","HIGUAIN","Juventus",28,28,0
410,"Pc","MERTENS","Napoli",28,27,1
2012,"Pc","MILIK","Napoli",28,28,0
2002,"W;A","CHIESA","Fiorentina",27,27,0
26,"T;A","GOMEZ A","Atalanta",27,27,0
2819,"Pc","CAPUTO","Sassuolo",27,26,1
383,"Pc","PETAGNA","SPAL",26,25,1
177,"A","ILICIC","Atalanta",26,26,0
247,"Pc","PAVOLETTI","Cagliari",25,26,-1
2764,"Pc","MARTINEZ L","Inter",25,26,-1
309,"A","DYBALA","Juventus",25,25,0
2475,"A","SANCHEZ A","Inter",24,24,0
123,"Pc","INGLESE","Parma",23,23,0
645,"C;T","MILINKOVIC-SAVIC","Lazio",23,23,0
1996,"T;A","DE PAUL","Udinese",22,22,0
4510,"Pc","RAFAEL LEAO","Milan",22,22,0
475,"A","IAGO FALQUE","Torino",22,22,0
4517,"A","LOZANO","Napoli",22,22,0
312,"Pc","MANDZUKIC","Juventus",21,21,0
495,"A","CORREA","Lazio",21,20,1
184,"W;A","BERNARDESCHI","Juventus",20,20,0
375,"W;A","SUSO","Milan",20,20,0
406,"W","CALLEJON","Napoli",20,19,1
2085,"T","LUIS ALBERTO","Lazio",20,19,1
2038,"Pc","PINAMONTI","Genoa",20,19,1
2201,"W;A","UNDER","Roma",19,18,1
2409,"W;A","RIBERY","Fiorentina",19,19,0
507,"Pc","MURIEL","Atalanta",19,17,2
696,"Pc","BALOTELLI","Brescia",19,19,0
474,"A","GERVINHO","Parma",19,19,0
250,"Por","HANDANOVIC","Inter",18,18,0
472,"Pc","DESTRO","Bologna",18,19,-1
1870,"M;C","BARELLA","Inter",18,18,0
367,"C;W;T","BONAVENTURA","Milan",18,18,0
2762,"A","KOUAME'","Genoa",18,17,1
531,"A","BERARDI","Sassuolo",18,18,0
2167,"W;A","ORSOLINI","Bologna",17,17,0
376,"W;A","VERDI","Napoli",17,17,0
2779,"W","KLUIVERT","Roma",17,17,0
2472,"T","RAMSEY","Juventus",17,17,0
453,"Por","SZCZESNY","Juventus",17,17,0
4452,"Pc","DONNARUMMA AL","Brescia",17,16,1
2263,"E","LAZZARI M","Lazio",17,17,0
2775,"C;T","RUIZ","Napoli",17,17,0
771,"A","BOATENG","Fiorentina",17,16,1
2766,"T","ZANIOLO","Roma",16,16,0
90,"Pc","LASAGNA","Udinese",16,16,0
2214,"Ds;E","KOLAROV","Roma",16,15,1
2759,"Ds;Dc;E","CRISCITO","Genoa",16,15,1
226,"Dd;Dc","IZZO","Torino",16,16,0
467,"C;T","NAINGGOLAN","Cagliari",16,16,0
152,"C;T","ZIELINSKI","Napoli",16,17,-1
28,"C;T","KURTIC","SPAL",16,16,0
1874,"A","JOAO PEDRO","Cagliari",16,16,0
350,"Por","DONNARUMMA G","Milan",15,15,0
644,"M;C","PULGAR","Fiorentina",15,13,2
2504,"M;C","CAN ","Juventus",15,15,0
342,"M;C","PAROLO","Lazio",15,15,0
397,"M;C","ALLAN","Napoli",15,16,-1
2160,"E","GOSENS","Atalanta",15,14,1
2130,"E","HATEBOER","Atalanta",15,15,0
706,"E","ANSALDI","Torino",15,15,0
798,"Dc","SKRINIAR","Inter",15,15,0
288,"Dc","CHIELLINI","Juventus",15,14,1
392,"Dc","KOULIBALY","Napoli",15,16,-1
2288,"Dc","N'KOULOU","Torino",15,15,0
469,"C","PJANIC","Juventus",15,15,0
643,"A","DEFREL","Sassuolo",15,15,0
536,"W;A","POLITANO","Inter",14,14,0
2832,"W;A","BOGA","Sassuolo",14,14,0
2200,"W","DOUGLAS COSTA","Juventus",14,14,0
237,"W","PEROTTI","Roma",14,14,0
4322,"T","PAQUETA'","Milan",14,15,-1
610,"Por","GOLLINI","Atalanta",14,14,0
1934,"Por","STRAKOSHA","Lazio",14,13,1
572,"Por","MERET","Napoli",14,15,-1
2179,"Por","SIRIGU","Torino",14,14,0
183,"Pc","BABACAR","Sassuolo",14,14,0
234,"M;C","KUCKA","Parma",14,14,0
662,"Ds;E","ALEX SANDRO","Juventus",14,14,0
2572,"Dc","GODIN","Inter",14,14,0
4428,"Dc","DE LIGT","Juventus",14,14,0
513,"Dc","ACERBI","Lazio",14,14,0
460,"Dc","ROMAGNOLI A","Milan",14,14,0
2296,"Dc","MANCINI G","Roma",14,14,0
557,"C","BENASSI","Fiorentina",14,14,0
1978,"C","SENSI","Inter",14,13,1
2379,"C","RABIOT","Juventus",14,14,0
2215,"C","VERETOUT","Roma",14,14,0
2625,"T","SORIANO","Bologna",13,13,0
4419,"Por","PAU LOPEZ","Roma",13,14,-1
2061,"Pc","SIMEONE","Cagliari",13,13,0
1939,"Pc","LAPADULA","Lecce",13,14,-1
2175,"Pc","ANDRE' SILVA","Milan",13,13,0
315,"Pc","ZAZA","Torino",13,12,1
4500,"Pc","DI CARMINE","Verona",13,13,0
2306,"M;C","MATUIDI","Juventus",13,13,0
338,"E;C","LULIC","Lazio",13,13,0
2197,"E","CASTAGNE","Atalanta",13,13,0
322,"Dc","DE VRIJ","Inter",13,13,0
459,"Dc","MANOLAS","Napoli",13,13,0
112,"C;T","CASTRO","Cagliari",13,13,0
148,"C;T","KRUNIC","Milan",13,13,0
530,"C;T","PELLEGRINI LO","Roma",13,13,0
788,"C","FREULER","Atalanta",13,13,0
280,"A","PALACIO","Bologna",13,13,0
537,"A","SANSONE N","Bologna",13,12,1
1958,"A","CAPRARI","Sampdoria",13,14,-1
407,"A","GABBIADINI","Sampdoria",13,13,0
2826,"W;A","PUSSETTO","Udinese",12,12,0
1857,"W","DI FRANCESCO F","SPAL",12,11,1
2194,"T","CALHANOGLU","Milan",12,12,0
4453,"Pc","TORREGROSSA","Brescia",12,12,0
2284,"Pc","CAICEDO","Lazio",12,12,0
1974,"Pc","SCHICK","Roma",12,12,0
22,"M;C","DE ROON","Atalanta",12,12,0
2818,"M;C","BENNACER","Milan",12,12,0
827,"M;C","LOCATELLI M","Sassuolo",12,12,0
1986,"M;C","FOFANA","Udinese",12,12,0
4514,"M;C","NANDEZ","Cagliari",12,12,0
390,"Ds;E","GHOULAM","Napoli",12,12,0
4237,"Dd;Ds;E","DANILO","Juventus",12,12,0
253,"Dd;Ds;Dc","D'AMBROSIO","Inter",12,12,0
265,"C","BROZOVIC","Inter",12,11,1
1850,"C","KESSIE'","Milan",12,12,0
2325,"A","KARAMOH","Parma",12,12,0
245,"T;A","PANDEV","Genoa",11,11,0
150,"T","SAPONARA","Genoa",11,11,0
2178,"Por","CRAGNO","Cagliari",11,11,0
761,"Por","AUDERO","Sampdoria",11,11,0
2743,"Pc","SANTANDER","Bologna",11,11,0
4501,"M;C","OBIANG","Sassuolo",11,11,0
295,"Ds;E","ASAMOAH","Inter",11,10,1
2816,"Dd;E","DI LORENZO","Napoli",11,11,0
2006,"Dd;E","LIROLA","Fiorentina",11,11,0
2164,"Dd;Dc","MILENKOVIC","Fiorentina",11,10,1
286,"Dc","BONUCCI","Juventus",11,11,0
4245,"Dc","SMALLING","Roma",11,11,0
4427,"C;T","MALINOVSKYI","Atalanta",11,11,0
2857,"C;T","TRAORE' HJ","Sassuolo",11,11,0
2008,"C","LINETTY","Sampdoria",11,11,0
2692,"W;A","CASTILLEJO","Milan",10,10,0
2378,"T","PASTORE","Roma",10,10,0
2172,"T","BARAK","Udinese",10,10,0
1917,"Por","DRAGOWSKI","Fiorentina",10,11,-1
509,"Por","CONSIGLI","Sassuolo",10,10,0
2792,"Por","MUSSO","Udinese",10,9,1
1943,"Pc","NESTOROVSKI","Udinese",10,10,0
374,"M;C","POLI","Bologna",10,10,0
4445,"M;C","BISOLI","Brescia",10,10,0
2209,"M;C","LUCAS LEIVA","Lazio",10,10,0
526,"M;C","DUNCAN","Sassuolo",10,10,0
2789,"M;C","MEITE'","Torino",10,10,0
238,"M","RINCON","Torino",10,10,0
332,"E;W","CANDREVA","Inter",10,9,1
252,"Ds;E","BIRAGHI","Inter",10,10,0
464,"Dd;E","FLORENZI","Roma",10,10,0
487,"Dd;E","DE SILVESTRI","Torino",10,10,0
695,"Dc","TOLOI","Atalanta",10,10,0
556,"C;T","BASELLI","Torino",10,10,0
2076,"C","ROG","Cagliari",10,10,0
4512,"C","SCHONE","Genoa",10,10,0
1879,"A","FARIAS","Lecce",10,11,-1
2287,"T","RAMIREZ","Sampdoria",9,9,0
133,"Por","SKORUPSKI","Bologna",9,9,0
479,"Pc","SANABRIA","Genoa",9,9,0
4477,"Pc","LA MANTIA","Lecce",9,9,0
636,"Pc","PAZZINI","Verona",9,9,0
801,"M;C","GAGLIARDINI","Inter",9,9,0
181,"M;C","VECINO","Inter",9,9,0
331,"M;C","BIGLIA","Milan",9,9,0
58,"M;C","DIAWARA","Roma",9,9,0
1933,"M;C","MANDRAGORA","Udinese",9,9,0
697,"E;W","CUADRADO","Juventus",9,9,0
621,"E;M","ROMULO","Genoa",9,9,0
4385,"E","LAZARO","Inter",9,9,0
357,"Dd;E","CALABRIA","Milan",9,9,0
554,"Dd;E","ZAPPACOSTA","Roma",9,9,0
2181,"Dc","PALOMINO","Atalanta",9,9,0
2309,"Dc","PEZZELLA GER","Fiorentina",9,10,-1
4307,"Dc","ROMERO C","Genoa",9,9,0
4397,"Dc","VAVRO","Lazio",9,9,0
1864,"Dc","BRUNO ALVES","Parma",9,9,0
1895,"Dc","FERRARI G","Sassuolo",9,9,0
2192,"Dc","BONIFAZI","Torino",9,8,1
4412,"Dc","RODRIGO BECAO","Udinese",9,7,2
4511,"Dc","DUARTE","Milan",9,9,0
2077,"C;T","PASALIC","Atalanta",9,9,0
632,"C;T","ZACCAGNI","Verona",9,9,0
779,"C","CRISTANTE","Roma",9,9,0
1987,"C","JANKTO","Sampdoria",9,9,0
4415,"A","SKOV OLSEN","Bologna",9,9,0
2776,"W;A","YOUNES","Napoli",8,8,0
637,"W","SILIGARDI","Parma",8,8,0
2205,"W","BERENGUER","Torino",8,8,0
2106,"T;A","MOROSINI","Brescia",8,8,0
4448,"T","SPALEK","Brescia",8,8,0
65,"T","MANCOSU","Lecce",8,8,0
159,"Por","SEPE","Parma",8,8,0
316,"Por","BERISHA E","SPAL",8,8,0
2719,"Pc","BARROW","Atalanta",8,8,0
126,"Pc","PALOSCHI","SPAL",8,8,0
2873,"Pc","TEODORCZYK","Udinese",8,8,0
4449,"M;C","TONALI","Brescia",8,7,1
2391,"M;C","EKDAL","Sampdoria",8,8,0
2003,"M;C","MURGIA","SPAL",8,8,0
236,"E;W","LAZOVIC","Verona",8,8,0
2865,"E","AINA","Torino",8,8,0
2746,"Ds;E","DIJKS","Bologna",8,8,0
4292,"Ds;E","HERNANDEZ T","Milan",8,8,0
2169,"Ds;E","RODRIGUEZ R","Milan",8,8,0
1868,"Ds;E","MURRU","Sampdoria",8,8,0
4414,"Ds;Dc","DENSWIL","Bologna",8,8,0
329,"Ds;Dc","RADU","Lazio",8,7,1
73,"Ds;Dc","GAGLIOLO","Parma",8,8,0
4407,"Ds;Dc","IGOR","SPAL",8,7,1
2869,"Ds;Dc","DJIDJI","Torino",8,8,0
790,"Ds;Dc","SAMIR","Udinese",8,7,1
2860,"Dd;E","MALCUIT","Napoli",8,8,0
99,"Dd;Ds;E","CACCIATORE","Cagliari",8,8,0
4426,"Dd;Ds;E","TOLJAN","Sassuolo",8,8,0
2315,"Dd;Dc;E","STRYGER LARSEN","Udinese",8,8,0
4442,"Dd;Dc","CISTANA","Brescia",8,7,1
2083,"Dd;Dc","BIRASCHI","Genoa",8,8,0
787,"Dc","DJIMSITI","Atalanta",8,8,0
578,"Dc","DANILO LAR","Bologna",8,8,0
365,"Dc","ZAPATA C","Genoa",8,8,0
4332,"Dc","DEMIRAL","Juventus",8,8,0
2335,"Dc","LUIZ FELIPE","Lazio",8,7,1
2016,"Dc","FAZIO","Roma",8,9,-1
259,"Dc","MURILLO","Sampdoria",8,9,-1
2171,"Dc","LYANCO","Torino",8,8,0
4516,"Dc","SKRTEL","Atalanta",8,8,0
4513,"C;W","ZMRHAL","Brescia",8,8,0
713,"C;T","DZEMAILI","Bologna",8,8,0
627,"C;T","IONITA","Cagliari",8,8,0
4377,"C;T","CASTROVILLI","Fiorentina",8,7,1
264,"C;T","BESSA","Verona",8,8,0
299,"C","KHEDIRA","Juventus",8,8,0
4388,"A","ADEKANYE","Lazio",8,8,0
111,"T","BIRSA","Cagliari",7,7,0
4405,"T","MARONI","Sampdoria",7,7,0
4425,"Por","JORONEN","Brescia",7,6,1
1843,"Por","RADU I","Genoa",7,8,-1
2211,"Por","SILVESTRI","Verona",7,6,1
4413,"Pc","AYE'","Brescia",7,7,0
2163,"Pc","CORNELIUS","Parma",7,7,0
533,"Pc","FLOCCARI","SPAL",7,7,0
20,"M;C","CIGARINI","Cagliari",7,7,0
4330,"M;C","LERAGER","Genoa",7,7,0
4423,"M;C","HERNANI","Parma",7,7,0
529,"M;C","MISSIROLI","SPAL",7,7,0
2011,"M;C","MIGUEL VELOSO","Verona",7,5,2
2389,"M;C","IMBULA","Lecce",7,7,0
118,"M","RADOVANOVIC","Genoa",7,6,1
2392,"M","WALACE","Udinese",7,7,0
4424,"E;W","JONY","Lazio",7,7,0
21,"E","D'ALESSANDRO","SPAL",7,7,0
633,"E","FARES","SPAL",7,7,0
4526,"E","ARANA","Atalanta",7,7,0
1852,"Ds;E","SPINAZZOLA","Roma",7,7,0
2318,"Ds;E","ROGERIO","Sassuolo",7,7,0
4420,"Ds;Dc","BOCCHETTI","Verona",7,7,0
141,"Dd;E","LAURINI","Parma",7,7,0
140,"Dd;Ds;E","HYSAJ","Napoli",7,7,0
15,"Dd;Dc","MASIELLO A","Atalanta",7,7,0
1866,"Dc","CEPPITELLI","Cagliari",7,7,0
294,"Dc","RUGANI","Juventus",7,7,0
2168,"Dc","MUSACCHIO","Milan",7,7,0
2784,"Dc","COLLEY","Sampdoria",7,7,0
780,"Dc","CIONEK","SPAL",7,7,0
2261,"Dc","VICARI","SPAL",7,7,0
4479,"C;T","ELMAS","Napoli",7,7,0
4447,"C","NDOJ","Brescia",7,7,0
2166,"C","BENTANCUR","Juventus",7,7,0
2802,"C","BARILLA'","Parma",7,7,0
27,"C","GRASSI","Parma",7,7,0
2773,"W;A","SPROCATI","Parma",6,6,0
385,"Por","GABRIEL","Lecce",6,6,0
305,"M;C","STURARO","Genoa",6,6,0
170,"M;C","BADELJ","Fiorentina",6,6,0
333,"M;C","CATALDI","Lazio",6,6,0
589,"M;C","BADU","Verona",6,6,0
4522,"E;M","AMRABAT","Verona",6,5,1
1896,"Ds;E","MARTELLA","Brescia",6,6,0
1979,"Ds;E","BARRECA","Genoa",6,6,0
2728,"Ds;E","PELLEGRINI LU","Cagliari",6,6,0
4470,"Ds;E","CALDERONI","Lecce",6,6,0
791,"Dd;E","SABELLI","Brescia",6,6,0
4398,"Dd;E","BENZAR","Lecce",6,6,0
2104,"Dd;E","BERESZYNSKI","Sampdoria",6,6,0
2141,"Dd;E","DEPAOLI","Sampdoria",6,6,0
50,"Dd;Ds;E","MBAYE","Bologna",6,6,0
4373,"Dd;Ds;E","MATEJU","Brescia",6,6,0
106,"Dd;Ds;E","MATTIELLO","Cagliari",6,6,0
4409,"Dd;Ds;Dc","RRAHMANI","Verona",6,5,1
1891,"Dd;Dc","CECCHERINI","Fiorentina",6,6,0
2184,"Dd;Dc","GRAVILLON","Sassuolo",6,6,0
4429,"Dc","CHANCELLOR","Brescia",6,5,1
2871,"Dc","KLAVAN","Cagliari",6,6,0
2769,"Dc","MAGNANI","Brescia",6,6,0
2355,"Dc","MARLON","Sassuolo",6,6,0
708,"Dc","FELIPE","SPAL",6,6,0
224,"Dc","DE MAIO","Udinese",6,6,0
2870,"Dc","TROOST-EKONG","Udinese",6,5,1
600,"C;T","VERRE","Verona",6,6,0
2274,"C;T","VALOTI","SPAL",6,6,0
4376,"C","ZURKOWSKI","Fiorentina",6,6,0
2009,"C","LUKIC","Torino",6,5,1
4381,"A","GUMUS","Genoa",6,6,0
2187,"W","BORINI","Milan",5,5,0
532,"Pc","FALCINELLI","Bologna",5,5,0
505,"Pc","BONAZZOLI","Sampdoria",5,4,1
2853,"Pc","MONCINI","SPAL",5,5,0
4400,"M;C","SHAKHOV","Lecce",5,5,0
494,"M;C","BARRETO","Sampdoria",5,5,0
434,"M;C","JAJALO","Udinese",5,5,0
430,"M;C","BRUGMAN","Parma",5,5,0
241,"M","TACHTSIDIS","Lecce",5,5,0
528,"M","MAGNANELLI","Sassuolo",5,5,0
272,"M","MEDEL","Bologna",5,5,0
1872,"E;M","DESSENA","Brescia",5,5,0
2188,"E","MARUSIC","Lazio",5,5,0
235,"E","LAXALT","Torino",5,5,0
4524,"E","SEMA","Udinese",5,5,0
1876,"Ds;E","PAJAC","Genoa",5,5,0
142,"Ds;E","MARIO RUI","Napoli",5,5,0
770,"Ds;E","PEZZELLA GIU","Parma",5,5,0
256,"Ds;Dc","JUAN JESUS","Roma",5,5,0
517,"Ds;Dc","DELL'ORCO","Lecce",5,5,0
11,"Dd;E","CONTI","Milan",5,5,0
423,"Dd;E","RISPOLI","Lecce",5,5,0
2174,"Dd;Ds;E","VENUTI","Fiorentina",5,5,0
358,"Dd;Ds;E","DE SCIGLIO","Juventus",5,5,0
1869,"Dd;Ds;Dc","PISACANE","Cagliari",5,5,0
4422,"Dd;Dc","TOMIYASU","Bologna",5,4,1
54,"Dd;Dc","ROSSETTINI","Lecce",5,5,0
550,"Dd;Dc","MAKSIMOVIC","Napoli",5,5,0
2801,"Dd;Dc","IACOPONI","Parma",5,4,1
2279,"Dc","ROMAGNA","Cagliari",5,5,0
2062,"Dc","BASTOS","Lazio",5,5,0
2241,"Dc","LUCIONI","Lecce",5,5,0
144,"Dc","TONELLI","Napoli",5,5,0
4493,"Dc","DAWIDOWICZ","Verona",5,5,0
2758,"Dc","GUNTER","Verona",5,5,0
4519,"Dc","CETIN","Roma",5,5,0
2334,"C;W","LERIS","Sampdoria",5,5,0
2771,"C;T","BERISHA V","Lazio",5,5,0
4475,"C;T","MAJER","Lecce",5,5,0
433,"C","HILJEMARK","Genoa",5,5,0
179,"C","PETRICCIONE","Lecce",5,5,0
4404,"C","THORSBY","Sampdoria",5,5,0
2825,"C","BOURABIA","Sassuolo",5,5,0
658,"A","FALCO","Lecce",5,4,1
2290,"W;T","EYSSERIC","Fiorentina",4,4,0
81,"W","DI GAUDIO","Verona",4,4,0
1995,"T","DJURICIC","Sassuolo",4,4,0
282,"Por","BUFFON","Juventus",4,4,0
380,"Pc","MATRI","Sassuolo",4,4,0
2854,"M;C","BRADARIC","Cagliari",4,4,0
2804,"M;C","SCOZZARELLA","Parma",4,4,0
2193,"M;C","GONALONS","Roma",4,4,0
2855,"M;C","VIEIRA","Sampdoria",4,4,0
631,"M;C","VIVIANI","SPAL",4,4,0
2116,"E;C","FARAGO'","Cagliari",4,4,0
2653,"Ds;E","LYKOGIANNIS","Cagliari",4,4,0
4421,"Ds;E","AUGELLO","Sampdoria",4,4,0
4496,"Ds;E","VITALE L","Verona",4,4,0
4494,"Ds;Dc","EMPEREUR","Verona",4,4,0
244,"Dd;E","GHIGLIONE","Genoa",4,3,1
630,"Dd;E","SALA","Sampdoria",4,4,0
2795,"Dd;E","TER AVEST","Udinese",4,4,0
581,"Dd;E","FARAONI","Verona",4,4,0
45,"Dd;Dc","FERRARI A","Sampdoria",4,4,0
4521,"Dd;Dc","MULDUR","Sassuolo",4,3,1
169,"Dd;Dc","TOMOVIC","SPAL",4,4,0
287,"Dd;Dc","CACERES","Fiorentina",4,4,0
2285,"Dc","BANI","Bologna",4,4,0
2120,"Dc","BASTONI","Inter",4,4,0
4472,"Dc","MECCARIELLO","Lecce",4,4,0
1847,"Dc","CALDARA","Milan",4,4,0
640,"Dc","CHIRICHES","Napoli",4,4,0
139,"Dc","DERMAKU","Parma",4,4,0
4403,"Dc","CHABOT","Sampdoria",4,4,0
418,"Dc","GOLDANIGA","Sassuolo",4,4,0
2788,"Dc","BREMER","Torino",4,4,0
2280,"Dc","NUYTINCK","Udinese",4,4,0
4393,"C;T","SCHOUTEN","Bologna",4,4,0
2833,"C;T","KULUSEVSKI","Parma",4,4,0
4384,"C","JAGIELLO","Genoa",4,4,0
4498,"C","HENDERSON L","Verona",4,4,0
4515,"C","AGUDELO","Genoa",4,4,0
2839,"A","SOTTIL","Fiorentina",4,3,1
1998,"A","PJACA","Juventus",4,4,0
4338,"W;T","JANKOVIC","SPAL",3,3,0
2468,"Por","OSPINA","Napoli",3,3,0
306,"Pc","CERRI","Cagliari",3,3,0
2146,"Pc","HAN","Cagliari",3,3,0
2841,"Pc","VLAHOVIC","Fiorentina",3,3,0
819,"Pc","FAVILLI","Genoa",3,3,0
2246,"Pc","CERAVOLO","Parma",3,3,0
2075,"M;C","CRISTOFORO","Fiorentina",3,3,0
2659,"M;C","DABO","Fiorentina",3,3,0
173,"M;C","CAPEZZI","Sampdoria",3,3,0
4327,"M","OLIVA","Cagliari",3,3,0
1999,"E","LUKAKU J","Lazio",3,3,0
2739,"Ds;E","RECA","SPAL",3,3,0
2289,"Ds;E","DALBERT","Fiorentina",3,3,0
254,"Ds;E","DIMARCO","Inter",3,3,0
393,"Ds;Dc","LUPERTO","Napoli",3,3,0
521,"Ds;Dc","PELUSO","Sassuolo",3,3,0
824,"Dd;E","ADJAPONG","Verona",3,3,0
2787,"Dd;E","DICKMANN","SPAL",3,3,0
262,"Dd;Ds;E","SANTON","Roma",3,3,0
4374,"Dc","WALUKIEWICZ","Cagliari",3,3,0
261,"Dc","RANOCCHIA","Inter",3,2,1
2007,"Dc","WALLACE","Lazio",3,3,0
491,"Dc","SALAMON","SPAL",3,3,0
2835,"C;T","KINGSLEY","Bologna",3,2,1
4474,"C;T","HAYE","Lecce",3,3,0
4476,"C;T","TABANELLI","Lecce",3,3,0
2057,"C;T","GUSTAFSON","Torino",3,3,0
2741,"C","PESSINA","Verona",3,3,0
2744,"C","SVANBERG","Bologna",3,3,0
172,"C","BORJA VALERO","Inter",3,3,0
2317,"A","BRIGNOLA","Sassuolo",3,3,0
1839,"A","EDERA","Torino",3,3,0
2073,"A","RAGUSA","Verona",3,3,0
1982,"W","PARIGINI","Torino",2,2,0
2048,"T;A","LO FASO","Lecce",2,2,0
4389,"T","ANDERSON A","Lazio",2,2,0
611,"Por","RAFAEL","Cagliari",2,1,1
2646,"M;C","SANDRO","Genoa",2,2,0
2726,"M;C","DANZI","Verona",2,2,0
1858,"E","KREJCI","Bologna",2,2,0
4443,"Ds;E","CURCIO","Brescia",2,2,0
2772,"Ds;E","DURMISI","Lazio",2,2,0
4399,"Ds;E","VERA","Lecce",2,2,0
395,"Ds;E","STRINIC","Milan",2,2,0
4406,"Ds;E","TRIPALDELLI","Sassuolo",2,2,0
490,"Ds;Dc;E","REGINI","Sampdoria",2,2,0
4454,"Dd;E","PINNA","Cagliari",2,1,1
805,"Dd;E","FIAMOZZI","Lecce",2,2,0
4444,"Dd;Dc;E","SEMPRINI","Brescia",2,2,0
327,"Dd;Dc;E","PATRIC","Lazio",2,2,0
4302,"Dd;Dc","SIERRALTA","Udinese",2,2,0
4331,"Dc","IBANEZ","Atalanta",2,2,0
47,"Dc","GASTALDELLO","Brescia",2,2,0
2752,"Dc","RASMUSSEN","Fiorentina",2,2,0
2664,"Dc","EL YAMIQ","Genoa",2,1,1
2793,"Dc","OPOKU","Udinese",2,2,0
4495,"Dc","KUMBULLA","Verona",2,1,1
1871,"C","DEIOLA","Cagliari",2,2,0
438,"C","RIGONI L","Parma",2,2,0
1976,"C","MAZZITELLI","Sassuolo",2,2,0
405,"C","VALDIFIORI","SPAL",2,2,0
4333,"A","DESPODOV","Cagliari",2,2,0
4455,"A","RAGATZU","Cagliari",2,2,0
4507,"A","TUTINO","Verona",2,1,1
2657,"A","ANTONUCCI","Roma",2,2,0
2243,"W;T","CICIRETTI","Napoli",1,1,0
4353,"T;A","MONTIEL","Fiorentina",1,1,0
4450,"T","TREMOLADA","Brescia",1,1,0
4465,"T","FAGIOLI","Juventus",1,1,0
4364,"T","GAETANO","Napoli",1,1,0
2297,"Por","ROSSI F","Atalanta",1,1,0
4,"Por","SPORTIELLO","Atalanta",1,1,0
40,"Por","DA COSTA","Bologna",1,1,0
42,"Por","SARR M","Bologna",1,1,0
4440,"Por","ALFONSO","Brescia",1,1,0
4441,"Por","ANDRENACCI","Brescia",1,1,0
1946,"Por","ARESTI","Cagliari",1,1,0
4351,"Por","BRANCOLINI","Fiorentina",1,1,0
2294,"Por","CEROFOLINI","Fiorentina",1,1,0
2815,"Por","TERRACCIANO","Fiorentina",1,1,0
4325,"Por","JANDREI","Genoa",1,1,0
318,"Por","MARCHETTI","Genoa",1,1,0
2761,"Por","VODISEK","Genoa",1,1,0
248,"Por","BERNI","Inter",1,1,0
543,"Por","PADELLI","Inter",1,1,0
218,"Por","PERIN","Juventus",1,1,0
1930,"Por","PINSOGLIO","Juventus",1,1,0
317,"Por","GUERRIERI","Lazio",1,1,0
2770,"Por","PROTO","Lazio",1,1,0
4468,"Por","BLEVE","Lecce",1,1,0
4469,"Por","MILLI","Lecce",1,1,0
2809,"Por","VIGORITO","Lecce",1,1,0
216,"Por","DONNARUMMA AN","Milan",1,1,0
387,"Por","REINA","Milan",1,1,0
570,"Por","KARNEZIS","Napoli",1,1,0
412,"Por","COLOMBI","Parma",1,1,0
2781,"Por","FUZATO","Roma",1,1,0
41,"Por","MIRANTE","Roma",1,1,0
2836,"Por","OLSEN","Cagliari",1,1,0
2134,"Por","FALCONE","Sampdoria",1,1,0
510,"Por","PEGOLO","Sassuolo",1,1,0
4485,"Por","THIAM D","SPAL",1,1,0
2790,"Por","ROSATI","Torino",1,1,0
2270,"Por","ZACCAGNO","Torino",1,1,0
2271,"Por","NICOLAS","Udinese",1,1,0
673,"Por","PERISAN","Udinese",1,1,0
4491,"Por","BERARDI A","Verona",1,1,0
4410,"Por","BORGHETTO","Verona",1,1,0
3,"Por","RADUNOVIC","Verona",1,1,0
654,"Por","ALASTRA","Parma",1,1,0
4518,"Por","RUSSO A","Sassuolo",1,1,0
4520,"Por","LETICA","SPAL",1,1,0
4523,"Por","AVOGADRI","Sampdoria",1,1,0
4525,"Por","GEMELLO","Torino",1,1,0
4359,"Pc","PICCOLI","Atalanta",1,1,0
4463,"Pc","ESPOSITO SE","Inter",1,1,0
2304,"Pc","SALCEDO E","Verona",1,1,0
4387,"Pc","ADORANTE","Parma",1,1,0
4371,"Pc","RASPADORI","Sassuolo",1,1,0
4489,"Pc","RAUTI","Torino",1,1,0
767,"Pc","TUPTA","Verona",1,1,0
4451,"M;C","VIVIANI M","Brescia",1,1,0
4459,"M;C","ROVELLA","Genoa",1,1,0
4486,"E;W","STREFEZZA","SPAL",1,1,0
4375,"Ds;E","TERZIC","Fiorentina",1,1,0
4502,"Ds;E","GALLO","Lecce",1,1,0
2747,"Ds;Dc","PAZ","Bologna",1,1,0
4378,"Ds;Dc","RANIERI L","Fiorentina",1,1,0
4481,"Dd;E","BOUAH","Roma",1,1,0
4488,"Dd;E","GILLI","Torino",1,1,0
457,"Dd;Ds;E","CRESCENZI","Verona",1,1,0
4432,"Dc","OKOLI","Atalanta",1,1,0
4365,"Dc","CORBO","Bologna",1,1,0
4504,"Dc","MANGRAVITI","Brescia",1,1,0
4392,"Dc","RIZZO N","Genoa",1,1,0
4467,"Dc","JORGE SILVA","Lazio",1,1,0
4473,"Dc","RICCARDI D","Lecce",1,1,0
4401,"Dc","GABBIA","Milan",1,1,0
4480,"Dc","MINELLI","Parma",1,1,0
2783,"Dc","BIANDA","Roma",1,1,0
2724,"Dc","BUONGIORNO","Torino",1,1,0
4509,"Dc","CIPRIANO","Lazio",1,1,0
4435,"C;W;T","COLLEY E","Atalanta",1,1,0
4383,"C;T","ZENNARO","Genoa",1,1,0
2852,"C;T","RICCARDI","Roma",1,1,0
4490,"C;T","DE ANGELIS","Torino",1,1,0
2213,"C","CASSATA","Genoa",1,1,0
4411,"C","AGOUME","Inter",1,1,0
4349,"C","NICOLUSSI CAVIGLIA","Juventus",1,1,0
4370,"C","PORTANOVA","Juventus",1,1,0
4499,"C","LUCAS FELIPPE","Verona",1,1,0
4436,"A","CAMBIAGHI","Atalanta",1,1,0
4368,"A","JUWARA","Bologna",1,1,0
606,"A","THEREAU","Fiorentina",1,1,0
4483,"A","CANGIANO","Bologna",1,1,0
4508,"A","BAHLOULI","Sampdoria",1,1,0
4346,"A","MILLICO","Torino",1,1,0
2794,"A","MICIN","Udinese",1,1,0
