"Id","R","Nome","Squadra","Pg","Mv","Mf","WeightedPerf"
4,"P","SPORTIELLO","Frosinone",35,6.11,4.21,3.87763157894737
11,"D","CONTI","Milan",9,5.78,5.83,1.38078947368421
15,"D","MASIELLO A","Atalanta",23,5.83,5.67,3.43184210526316
20,"C","CIGARINI","Cagliari",23,5.87,5.72,3.46210526315789
21,"C","D'ALESSANDRO","Udinese",20,5.95,5.92,3.11578947368421
22,"C","DE ROON","Atalanta",34,6.01,6.1,5.45789473684211
26,"A","GOMEZ A","Atalanta",35,6.21,7.03,6.475
27,"C","GRASSI","Parma",6,5.83,5.83,0.920526315789474
28,"C","KURTIC","SPAL",30,6.13,6.75,5.32894736842105
40,"P","DA COSTA","Bologna",0,0,0,0
41,"P","MIRANTE","Roma",11,6.55,6.27,1.815
45,"D","FERRARI A","Sampdoria",6,5.67,5.5,0.868421052631579
48,"D","MAIETTA","Empoli",21,5.62,5.5,3.03947368421053
50,"D","MBAYE","Bologna",23,5.8,5.96,3.60736842105263
54,"D","ROSSETTINI","Chievo",21,5.55,5.43,3.00078947368421
56,"C","BRIGHI","Empoli",6,6,6.42,1.01368421052632
57,"C","CRISETIG","Frosinone",7,5.5,5.29,0.974473684210526
58,"C","DIAWARA","Napoli",11,5.82,5.64,1.63263157894737
60,"C","RIZZO","Bologna",0,0,0,0
73,"D","GAGLIOLO","Parma",34,5.87,5.68,5.0821052631579
76,"D","ROMAGNOLI S","Empoli",0,0,0,0
78,"D","SPOLLI","Genoa",7,5.43,5,0.921052631578947
81,"C","DI GAUDIO","Parma",11,5.64,5.64,1.63263157894737
83,"C","LOLLO","Empoli",0,0,0,0
90,"A","LASAGNA","Udinese",34,5.69,6.13,5.48473684210526
97,"P","SECULIN","Chievo",2,5.75,2.25,0.118421052631579
99,"D","CACCIATORE","Cagliari",14,5.86,5.89,2.17
100,"D","CESAR","Chievo",13,5.42,5.54,1.89526315789474
103,"D","FREY","Chievo",3,5.67,5.67,0.447631578947368
105,"D","GOBBI","Parma",15,5.43,5.4,2.13157894736842
106,"D","MATTIELLO","Bologna",16,5.72,5.84,2.45894736842105
111,"C","BIRSA","Cagliari",26,5.88,6.17,4.22157894736842
112,"C","CASTRO","Cagliari",12,6.12,6.58,2.07789473684211
115,"C","HETEMAJ","Chievo",28,5.7,5.75,4.23684210526316
118,"C","RADOVANOVIC","Genoa",35,5.66,5.53,5.09342105263158
119,"C","RIGONI N","Chievo",24,5.54,5.38,3.3978947368421
123,"A","INGLESE","Parma",25,6.14,7.24,4.76315789473684
124,"A","MEGGIORINI","Chievo",24,5.54,5.79,3.65684210526316
126,"A","PALOSCHI","SPAL",17,5.74,6,2.68421052631579
127,"A","PELLISSIER","Chievo",14,6.18,6.86,2.52736842105263
133,"P","SKORUPSKI","Bologna",38,6.11,4.62,4.62
134,"D","BARBA","Chievo",30,5.6,5.45,4.30263157894737
140,"D","HYSAJ","Napoli",25,5.76,5.76,3.78947368421053
141,"D","LAURINI","Fiorentina",13,5.81,5.65,1.93289473684211
142,"D","MARIO RUI","Napoli",19,5.82,5.87,2.935
144,"D","TONELLI","Sampdoria",19,5.84,5.74,2.87
147,"C","DIOUSSE'","Chievo",14,5.79,5.61,2.06684210526316
148,"C","KRUNIC","Empoli",33,6,6.5,5.64473684210526
150,"C","SAPONARA","Sampdoria",21,6.12,6.52,3.60315789473684
152,"C","ZIELINSKI","Napoli",36,6.15,6.62,6.27157894736842
154,"A","MCHEDLIDZE","Empoli",7,5.71,5.79,1.06657894736842
156,"A","PUCCIARELLI","Chievo",8,5.38,5.31,1.11789473684211
159,"P","SEPE","Parma",37,6.09,4.43,4.31342105263158
166,"D","PASQUAL","Empoli",20,5.82,6.02,3.16842105263158
169,"D","TOMOVIC","Chievo",10,5.6,5.85,1.53947368421053
170,"C","BADELJ","Lazio",22,5.82,5.73,3.31736842105263
172,"C","BORJA VALERO","Inter",23,5.91,5.85,3.54078947368421
173,"C","CAPEZZI","Empoli",10,5.65,5.3,1.39473684210526
174,"C","DIAKHATE","Parma",0,0,0,0
177,"C","ILICIC","Atalanta",31,6.39,7.55,6.15921052631579
181,"C","VECINO","Inter",27,5.85,6.07,4.31289473684211
183,"A","BABACAR","Sassuolo",26,5.87,6.75,4.61842105263158
184,"C","BERNARDESCHI","Juventus",25,6.04,6.26,4.11842105263158
194,"D","CIOFANI M","Frosinone",0,0,0,0
202,"C","CHIBSAH","Frosinone",31,5.94,5.95,4.85394736842105
205,"C","GORI","Frosinone",7,5.93,5.71,1.05184210526316
207,"C","PAGANINI","Frosinone",13,5.85,6.23,2.13131578947368
209,"C","SAMMARCO","Frosinone",8,5.75,6.06,1.27578947368421
210,"C","SODDIMO","Frosinone",8,5.81,5.81,1.22315789473684
212,"A","CIOFANI D","Frosinone",28,5.86,6.45,4.75263157894737
213,"A","DIONISI","Frosinone",6,5.75,6.08,0.96
215,"A","VERDE","Roma",0,0,0,0
216,"P","DONNARUMMA AN","Milan",0,0,0,0
218,"P","PERIN","Juventus",9,5.89,4.94,1.17
224,"D","DE MAIO","Udinese",22,5.86,5.89,3.41
226,"D","IZZO","Torino",37,6.23,6.5,6.32894736842105
234,"C","KUCKA","Parma",18,5.94,6.56,3.10736842105263
235,"C","LAXALT","Milan",13,5.77,5.69,1.94657894736842
236,"C","LAZOVIC","Genoa",33,5.95,6.32,5.48842105263158
237,"C","PEROTTI","Roma",13,6,7.04,2.40842105263158
238,"C","RINCON","Torino",33,6.12,6.17,5.35815789473684
244,"D","GHIGLIONE","Frosinone",9,5.83,5.94,1.40684210526316
245,"A","PANDEV","Genoa",21,6.05,6.6,3.64736842105263
247,"A","PAVOLETTI","Cagliari",32,6.09,7.53,6.34105263157895
248,"P","BERNI","Inter",0,0,0,0
250,"P","HANDANOVIC","Inter",38,6.18,5.32,5.32
251,"D","ANDREOLLI","Chievo",10,5.4,5.25,1.38157894736842
252,"D","BIRAGHI","Fiorentina",36,5.89,6,5.68421052631579
253,"D","D'AMBROSIO","Inter",29,5.95,6.19,4.72394736842105
254,"D","DIMARCO","Parma",11,6.14,6.23,1.80342105263158
256,"D","JUAN JESUS","Roma",18,5.78,5.72,2.70947368421053
257,"D","MIRANDA","Inter",14,5.82,5.71,2.10368421052632
261,"D","RANOCCHIA","Inter",2,6,5.75,0.302631578947368
262,"D","SANTON","Roma",13,5.69,5.77,1.97394736842105
264,"C","BESSA","Genoa",32,5.84,5.88,4.95157894736842
265,"C","BROZOVIC","Inter",32,5.91,5.94,5.0021052631579
273,"D","SCHELOTTO","Chievo",4,6,6,0.631578947368421
276,"C","BIABIANY","Parma",17,5.62,5.5,2.46052631578947
277,"A","ICARDI","Inter",29,5.88,7.05,5.38026315789474
280,"A","PALACIO","Bologna",28,6.3,6.73,4.95894736842105
285,"D","BARZAGLI","Juventus",4,6,6,0.631578947368421
286,"D","BONUCCI","Juventus",29,6.02,6.29,4.80026315789474
287,"D","CACERES","Juventus",12,5.79,5.75,1.81578947368421
288,"D","CHIELLINI","Juventus",23,6.35,6.46,3.91
294,"D","RUGANI","Juventus",15,5.93,6.23,2.45921052631579
295,"D","ASAMOAH","Inter",32,6.02,5.95,5.01052631578947
299,"C","KHEDIRA","Juventus",10,6.1,6.7,1.76315789473684
300,"C","MARCHISIO","Juventus",0,0,0,0
301,"C","PADOIN","Cagliari",28,5.73,5.73,4.22210526315789
305,"C","STURARO","Genoa",5,5.7,6.1,0.802631578947368
306,"A","CERRI","Cagliari",14,5.61,5.5,2.02631578947368
309,"A","DYBALA","Juventus",27,5.94,6.56,4.66105263157895
312,"A","MANDZUKIC","Juventus",25,6.36,7.6,5
315,"A","ZAZA","Torino",26,5.69,6.08,4.16
316,"P","BERISHA E","Atalanta",18,5.97,4.56,2.16
317,"P","GUERRIERI","Lazio",1,5.5,2.5,0.065789473684211
318,"P","MARCHETTI","Genoa",4,5.75,3.12,0.328421052631579
319,"D","BASTA","Lazio",0,0,0,0
322,"D","DE VRIJ","Inter",28,6.07,6.18,4.55368421052632
327,"D","PATRIC","Lazio",14,5.75,5.71,2.10368421052632
329,"D","RADU","Lazio",28,5.8,5.75,4.23684210526316
331,"C","BIGLIA","Milan",15,5.93,6.03,2.38026315789474
332,"C","CANDREVA","Inter",11,6,6.27,1.815
333,"C","CATALDI","Lazio",11,6.09,6.64,1.92210526315789
338,"C","LULIC","Lazio",35,5.9,6.2,5.71052631578947
342,"C","PAROLO","Lazio",32,6.17,6.55,5.51578947368421
344,"A","DJORDJEVIC","Chievo",12,5.42,5.62,1.77473684210526
345,"A","KEITA B","Inter",21,6.02,6.76,3.73578947368421
350,"P","DONNARUMMA G","Milan",35,6.33,5.47,5.03815789473684
353,"D","ABATE","Milan",18,6.06,5.94,2.81368421052632
356,"D","ANTONELLI","Empoli",12,5.83,5.88,1.85684210526316
357,"D","CALABRIA","Milan",25,5.9,5.96,3.92105263157895
358,"D","DE SCIGLIO","Juventus",20,6.02,6.02,3.16842105263158
362,"D","SIMIC S","Frosinone",0,0,0,0
363,"D","VERGARA","Cagliari",0,0,0,0
365,"D","ZAPATA C","Milan",12,6.08,5.92,1.86947368421053
366,"C","BERTOLACCI","Milan",0,0,0,0
367,"C","BONAVENTURA","Milan",8,6.12,7.25,1.52631578947368
371,"C","MAURI J","Milan",4,5.62,5.62,0.591578947368421
372,"C","MONTOLIVO","Milan",0,0,0,0
374,"C","POLI","Bologna",28,6.11,6.48,4.77473684210526
375,"A","SUSO","Milan",35,6.16,6.87,6.32763157894737
376,"C","VERDI","Napoli",18,5.86,6.53,3.09315789473684
380,"A","MATRI","Sassuolo",15,5.7,6.03,2.38026315789474
382,"A","NIANG","Torino",0,0,0,0
383,"A","PETAGNA","SPAL",36,6.1,7.32,6.93473684210526
385,"P","GABRIEL","Milan",0,0,0,0
386,"P","RAFAEL CABRAL","Sampdoria",2,6,6,0.31578947368421
387,"P","REINA","Milan",4,6.38,5.12,0.538947368421053
388,"D","ALBIOL","Napoli",19,5.79,5.84,2.92
390,"D","GHOULAM","Napoli",15,6,6.33,2.49868421052632
392,"D","KOULIBALY","Napoli",35,6.27,6.31,5.81184210526316
393,"D","LUPERTO","Napoli",10,5.65,5.65,1.48684210526316
395,"D","STRINIC","Milan",0,0,0,0
397,"C","ALLAN","Napoli",33,6.18,6.18,5.36684210526316
400,"C","DEZI","Parma",1,6,6,0.157894736842105
402,"C","HAMSIK","Napoli",13,5.85,5.81,1.98763157894737
405,"C","VALDIFIORI","SPAL",13,5.88,5.85,2.00131578947368
406,"A","CALLEJON","Napoli",33,6.15,6.71,5.8271052631579
407,"A","GABBIADINI","Sampdoria",16,6,6.66,2.80421052631579
408,"A","HIGUAIN","Milan",15,6,6.93,2.73552631578947
409,"A","INSIGNE","Napoli",28,6.07,7.07,5.20947368421053
410,"A","MERTENS","Napoli",35,6.31,7.96,7.33157894736842
413,"P","SORRENTINO","Chievo",31,6.29,4.52,3.68736842105263
418,"D","GOLDANIGA","Frosinone",29,5.57,5.6,4.27368421052632
419,"D","GONZALEZ G","Bologna",11,5.73,5.73,1.65868421052632
433,"C","HILJEMARK","Genoa",15,5.7,5.9,2.32894736842105
438,"C","RIGONI L","Parma",22,5.66,5.82,3.36947368421053
441,"A","BELOTTI","Torino",37,6.19,7.28,7.08842105263158
447,"A","LA GUMINA","Empoli",17,5.76,6.21,2.77815789473684
453,"P","SZCZESNY","Juventus",28,6.14,5.54,4.0821052631579
459,"D","MANOLAS","Roma",27,6.06,6.06,4.30578947368421
460,"D","ROMAGNOLI A","Milan",32,6.27,6.28,5.28842105263158
463,"C","DE ROSSI","Roma",18,6.19,6.33,2.99842105263158
464,"D","FLORENZI","Roma",29,6.03,6.31,4.81552631578947
467,"C","NAINGGOLAN","Inter",28,6.21,6.91,5.09157894736842
469,"C","PJANIC","Juventus",30,6.12,6.37,5.02894736842105
470,"C","STROOTMAN","Roma",1,5.5,5.5,0.144736842105263
471,"C","UCAN","Empoli",7,6,6.5,1.19736842105263
472,"A","DESTRO","Bologna",9,6.28,7.56,1.79052631578947
474,"A","GERVINHO","Parma",29,6.09,7.24,5.52526315789474
475,"A","IAGO FALQUE","Torino",25,6.22,7.08,4.65789473684211
478,"A","LJAJIC","Torino",1,6,6,0.157894736842105
479,"A","SANABRIA","Genoa",14,5.79,6.18,2.27684210526316
484,"P","VIVIANO","SPAL",17,6.29,4.82,2.15631578947368
487,"D","DE SILVESTRI","Torino",31,6,6.29,5.13131578947368
490,"D","REGINI","SPAL",3,6,6,0.473684210526316
491,"D","SALAMON","Frosinone",20,5.82,5.75,3.02631578947368
492,"D","SILVESTRE","Empoli",34,5.84,5.87,5.2521052631579
493,"D","ZUKANOVIC","Genoa",24,5.69,5.58,3.52421052631579
494,"C","BARRETO","Sampdoria",11,6.05,6.14,1.77736842105263
495,"C","CORREA","Lazio",34,6.26,6.78,6.06631578947368
507,"A","MURIEL","Fiorentina",19,6,6.92,3.46
509,"P","CONSIGLI","Sassuolo",36,6.25,4.89,4.63263157894737
510,"P","PEGOLO","Sassuolo",3,6,4.5,0.355263157894737
513,"D","ACERBI","Lazio",37,6.14,6.31,6.14394736842105
515,"D","ARIAUDO","Frosinone",19,5.76,5.61,2.805
517,"D","DELL'ORCO","Empoli",14,5.89,6.14,2.26210526315789
519,"D","GAZZOLA","Parma",16,5.81,5.91,2.48842105263158
521,"D","PELUSO","Sassuolo",16,5.62,5.66,2.38315789473684
522,"D","TERRANOVA","Frosinone",0,0,0,0
523,"D","VRSALJKO","Inter",9,6.06,6.17,1.46131578947368
526,"C","DUNCAN","Sassuolo",24,6.1,6.6,4.16842105263158
528,"C","MAGNANELLI","Sassuolo",23,5.87,5.76,3.48631578947368
529,"C","MISSIROLI","SPAL",34,5.87,5.74,5.13578947368421
530,"C","PELLEGRINI LO","Roma",25,6.18,6.46,4.25
531,"A","BERARDI","Sassuolo",35,6.1,6.77,6.23552631578947
532,"A","FALCINELLI","Bologna",11,5.45,5.55,1.60657894736842
533,"A","FLOCCARI","SPAL",15,6.07,6.67,2.63289473684211
536,"A","POLITANO","Inter",36,6.04,6.51,6.16736842105263
537,"A","SANSONE N","Bologna",14,6,6.54,2.40947368421053
540,"P","GOMIS A","SPAL",20,6.05,4.7,2.47368421052632
542,"P","ICHAZO","Torino",3,5.67,5,0.394736842105263
543,"P","PADELLI","Inter",0,0,0,0
550,"D","MAKSIMOVIC","Napoli",17,5.88,5.76,2.57684210526316
551,"D","MOLINARO","Frosinone",14,5.61,5.54,2.04105263157895
552,"D","MORETTI","Torino",23,5.96,5.85,3.54078947368421
555,"C","ACQUAH","Empoli",22,5.91,6.09,3.52578947368421
556,"C","BASELLI","Torino",34,6.07,6.38,5.70842105263158
557,"C","BENASSI","Fiorentina",32,5.89,6.44,5.42315789473684
560,"C","OBI","Chievo",10,5.75,6,1.57894736842105
568,"A","QUAGLIARELLA","Sampdoria",37,6.43,8.64,8.41263157894737
570,"P","KARNEZIS","Napoli",9,6.11,5.33,1.26236842105263
572,"P","MERET","Napoli",14,6.18,5.46,2.01157894736842
574,"P","SCUFFET","Udinese",9,6.11,4.67,1.10605263157895
575,"D","ADNAN","Atalanta",3,5.83,5.83,0.460263157894737
578,"D","DANILO LAR","Bologna",35,6.01,6.04,5.56315789473684
583,"D","HEURTAUX","Udinese",0,0,0,0
587,"D","WAGUE","Udinese",1,5,5,0.131578947368421
589,"C","BADU","Udinese",3,6,6,0.473684210526316
599,"C","PONTISSO","Udinese",0,0,0,0
600,"C","VERRE","Sampdoria",0,0,0,0
605,"A","PERICA","Frosinone",7,5.07,4.86,0.895263157894737
606,"A","THEREAU","Cagliari",4,5.75,5.75,0.605263157894737
608,"A","ZAPATA D","Atalanta",37,6.45,8.35,8.13026315789474
610,"P","GOLLINI","Atalanta",20,6.22,5.15,2.71052631578947
611,"P","RAFAEL","Cagliari",0,0,0,0
615,"D","HELANDER","Bologna",19,5.74,5.58,2.79
621,"C","ROMULO","Lazio",27,6.04,6.17,4.38394736842105
626,"C","HALLFREDSSON","Udinese",8,5.5,5.75,1.21052631578947
627,"C","IONITA","Cagliari",37,5.76,5.97,5.81289473684211
630,"D","SALA","Sampdoria",19,5.87,5.79,2.895
631,"C","VIVIANI","Frosinone",5,5.4,5.3,0.697368421052632
633,"C","FARES","SPAL",35,5.86,5.97,5.49868421052632
637,"A","SILIGARDI","Parma",27,6,6.15,4.36973684210526
640,"D","CHIRICHES","Napoli",2,6.25,6.25,0.328947368421053
643,"A","DEFREL","Sampdoria",35,5.97,6.94,6.39210526315789
644,"C","PULGAR","Bologna",28,5.96,6.46,4.76
645,"C","MILINKOVIC-SAVIC","Lazio",31,5.87,6.31,5.14763157894737
647,"A","DZEKO","Roma",33,6,6.83,5.93131578947368
651,"C","MAIELLO","Frosinone",27,5.81,5.74,4.07842105263158
652,"A","KALINIC","Milan",0,0,0,0
661,"C","INIGUEZ","Udinese",0,0,0,0
662,"D","ALEX SANDRO","Juventus",29,6.05,6.14,4.68578947368421
663,"D","KRAFTH","Bologna",0,0,0,0
666,"C","MACHIN","Parma",2,5.75,6.25,0.328947368421053
669,"C","DONSAH","Bologna",4,5.75,5.75,0.605263157894737
673,"P","PERISAN","Udinese",0,0,0,0
695,"D","TOLOI","Atalanta",21,6.07,6.19,3.42078947368421
697,"C","CUADRADO","Juventus",16,5.78,5.97,2.51368421052632
702,"C","GIACCHERINI","Chievo",26,5.83,5.87,4.01631578947368
704,"C","PERISIC","Inter",34,6.03,6.72,6.01263157894737
706,"D","ANSALDI","Torino",24,6.38,6.77,4.27578947368421
708,"D","FELIPE","SPAL",28,5.84,5.96,4.39157894736842
713,"C","DZEMAILI","Bologna",27,5.8,5.87,4.17078947368421
718,"A","RODRIGUEZ A","Empoli",1,6,6,0.157894736842105
720,"P","BELEC","Sampdoria",0,0,0,0
726,"C","VITALE","SPAL",0,0,0,0
729,"D","PEREIRA P","Genoa",20,5.52,5.5,2.89473684210526
761,"P","AUDERO","Sampdoria",36,6.04,4.65,4.40526315789474
768,"C","RANIERI","Atalanta",0,0,0,0
770,"D","PEZZELLA GIU","Genoa",5,5.2,4.9,0.644736842105263
771,"C","BOATENG","Sassuolo",13,6.35,7.31,2.50078947368421
778,"A","TUMMINELLO","Atalanta",0,0,0,0
779,"C","CRISTANTE","Roma",35,5.87,6.13,5.64605263157895
780,"D","CIONEK","SPAL",30,5.77,5.58,4.40526315789474
785,"A","IMMOBILE","Lazio",35,6.04,7.41,6.825
787,"D","DJIMSITI","Atalanta",22,5.84,5.86,3.39263157894737
788,"C","FREULER","Atalanta",35,6.16,6.33,5.83026315789474
789,"A","TROTTA","Frosinone",8,5.44,5.44,1.14526315789474
790,"D","SAMIR","Udinese",21,5.88,6.05,3.34342105263158
795,"A","EL SHAARAWY","Roma",28,6.18,7.43,5.47473684210526
798,"D","SKRINIAR","Inter",35,6.1,5.99,5.51710526315789
799,"P","BARDI","Frosinone",3,6,4.33,0.341842105263158
801,"C","GAGLIARDINI","Inter",15,6.1,6.97,2.75131578947368
813,"C","BALIC","Udinese",0,0,0,0
817,"D","COSTA F","SPAL",8,5.88,5.88,1.23789473684211
819,"A","FAVILLI","Genoa",5,5.7,5.9,0.776315789473684
824,"D","ADJAPONG","Sassuolo",4,6,6.62,0.696842105263158
827,"C","LOCATELLI M","Sassuolo",26,5.94,6.21,4.24894736842105
1839,"A","EDERA","Bologna",5,5.5,5.4,0.710526315789474
1843,"P","RADU I","Genoa",33,6.3,5,4.3421052631579
1847,"D","CALDARA","Milan",0,0,0,0
1850,"C","KESSIE'","Milan",34,6.06,6.62,5.92315789473684
1852,"D","SPINAZZOLA","Juventus",9,6,6.11,1.44710526315789
1857,"A","DI FRANCESCO F","Sassuolo",16,5.84,6.28,2.64421052631579
1858,"C","KREJCI","Bologna",16,5.59,5.72,2.40842105263158
1859,"C","NAGY","Bologna",13,5.62,5.46,1.86789473684211
1864,"D","BRUNO ALVES","Parma",33,6.03,6.21,5.39289473684211
1865,"D","CAPUANO","Frosinone",27,5.67,5.54,3.93631578947368
1866,"D","CEPPITELLI","Cagliari",24,5.92,5.81,3.66947368421053
1867,"D","KRAJNC","Frosinone",9,5.44,5.28,1.25052631578947
1868,"D","MURRU","Sampdoria",34,5.82,5.84,5.22526315789474
1869,"D","PISACANE","Cagliari",26,5.83,5.87,4.01631578947368
1870,"C","BARELLA","Cagliari",35,6.13,6.07,5.59078947368421
1871,"C","DEIOLA","Cagliari",17,5.74,5.65,2.52763157894737
1872,"C","DESSENA","Cagliari",6,5.67,5.42,0.85578947368421
1873,"C","DI GENNARO D","Lazio",0,0,0,0
1874,"C","JOAO PEDRO","Cagliari",34,5.85,6.47,5.78894736842105
1875,"C","MUNARI","Parma",0,0,0,0
1876,"D","PAJAC","Empoli",13,6,6.35,2.17236842105263
1879,"A","FARIAS","Empoli",31,6.02,6.76,5.51473684210526
1882,"A","SAU","Sampdoria",14,5.68,5.75,2.11842105263158
1891,"D","CECCHERINI","Fiorentina",13,5.77,5.65,1.93289473684211
1895,"D","FERRARI G","Sassuolo",31,5.97,6.21,5.06605263157895
1913,"C","MATHEUS PEREIRA","Juventus",2,6,6,0.31578947368421
1917,"P","DRAGOWSKI","Empoli",17,6.44,5.03,2.25026315789474
1918,"D","DIKS","Empoli",0,0,0,0
1930,"P","PINSOGLIO","Juventus",1,5.5,3.5,0.092105263157895
1931,"D","BENATIA","Juventus",5,6.3,6.1,0.802631578947368
1933,"C","MANDRAGORA","Udinese",34,5.75,5.9,5.27894736842105
1934,"P","STRAKOSHA","Lazio",35,6.17,5.09,4.68815789473684
1936,"C","MINALA","Lazio",0,0,0,0
1939,"A","LAPADULA","Genoa",6,5.67,6.08,0.96
1941,"P","FULIGNATI","SPAL",0,0,0,0
1946,"P","ARESTI","Cagliari",0,0,0,0
1952,"D","ZAMPANO","Frosinone",26,5.71,5.73,3.92052631578947
1958,"A","CAPRARI","Sampdoria",21,6,6.93,3.82973684210526
1967,"C","GERSON","Fiorentina",35,5.9,6.07,5.59078947368421
1970,"P","TOZZO","Sampdoria",0,0,0,0
1974,"A","SCHICK","Roma",21,5.81,6.17,3.40973684210526
1976,"C","MAZZITELLI","Genoa",9,5.72,5.56,1.31684210526316
1978,"C","SENSI","Sassuolo",28,6.05,6.27,4.62
1982,"A","PARIGINI","Torino",12,5.75,5.67,1.79052631578947
1984,"D","ANGELLA","Udinese",0,0,0,0
1986,"C","FOFANA","Udinese",31,5.94,6.15,5.01710526315789
1987,"C","JANKTO","Sampdoria",17,5.59,5.53,2.47394736842105
1988,"A","EWANDRO","Udinese",0,0,0,0
1995,"C","DJURICIC","Sassuolo",22,5.82,6.07,3.51421052631579
1996,"C","DE PAUL","Udinese",36,6.17,6.76,6.40421052631579
1998,"A","PJACA","Fiorentina",15,5.7,5.93,2.34078947368421
1999,"D","LUKAKU J","Lazio",7,5.79,5.71,1.05184210526316
2002,"C","CHIESA","Fiorentina",37,6.24,6.73,6.55289473684211
2003,"C","MURGIA","SPAL",14,5.93,6.11,2.25105263157895
2006,"D","LIROLA","Sassuolo",35,5.99,6.21,5.71973684210526
2007,"D","WALLACE","Lazio",15,5.57,5.2,2.05263157894737
2008,"C","LINETTY","Sampdoria",32,5.97,6.17,5.19578947368421
2009,"C","LUKIC","Torino",18,6.08,6.28,2.97473684210526
2011,"C","MIGUEL VELOSO","Genoa",21,5.81,5.69,3.14447368421053
2012,"A","MILIK","Napoli",35,6.07,7.53,6.93552631578947
2013,"A","RICCI","Sassuolo",0,0,0,0
2015,"D","LETSCHERT","Sassuolo",0,0,0,0
2016,"D","FAZIO","Roma",34,5.85,6.21,5.55631578947368
2038,"A","PINAMONTI","Frosinone",25,5.8,6.48,4.26315789473684
2040,"A","LOMBARDI","Lazio",0,0,0,0
2052,"D","GOMEZ G","Milan",0,0,0,0
2058,"C","SANCHEZ C","Fiorentina",0,0,0,0
2061,"A","SIMEONE","Fiorentina",35,5.66,6.23,5.73815789473684
2062,"D","BASTOS","Lazio",17,5.82,5.91,2.64394736842105
2064,"D","VESELI","Empoli",29,5.59,5.52,4.21263157894737
2065,"C","PRAET","Sampdoria",34,6.07,6.25,5.5921052631579
2073,"A","RAGUSA","Sassuolo",0,0,0,0
2075,"C","CRISTOFORO","Fiorentina",0,0,0,0
2076,"C","ROG","Napoli",7,6.07,6.29,1.15868421052632
2077,"C","PASALIC","Atalanta",31,5.89,6.45,5.26184210526316
2078,"C","JOAO MARIO","Inter",16,6.06,6.25,2.63157894736842
2083,"D","BIRASCHI","Genoa",34,5.81,5.68,5.0821052631579
2085,"C","LUIS ALBERTO","Lazio",27,5.98,6.48,4.60421052631579
2087,"D","OLIVERA M","Fiorentina",0,0,0,0
2091,"P","PLIZZARI","Milan",0,0,0,0
2097,"A","KEAN","Juventus",10,6.35,8.05,2.11842105263158
2100,"A","OKWONKWO","Bologna",7,5.57,5.5,1.01315789473684
2104,"D","BERESZYNSKI","Sampdoria",25,5.66,5.6,3.68421052631579
2105,"C","BEGHETTO","Frosinone",26,5.9,5.96,4.07789473684211
2107,"C","KIYINE","Chievo",18,5.92,5.81,2.75210526315789
2108,"A","ROSSI A","Lazio",0,0,0,0
2114,"A","PETKOVIC","Bologna",0,0,0,0
2116,"D","FARAGO'","Cagliari",24,5.83,5.81,3.66947368421053
2117,"C","KASTANOS","Juventus",1,5.5,5.5,0.144736842105263
2120,"D","BASTONI","Parma",21,5.95,6.05,3.34342105263158
2124,"C","ZAJC","Empoli",20,5.98,6.45,3.39473684210526
2127,"P","SATALINO","Sassuolo",0,0,0,0
2129,"D","SIMIC L","SPAL",4,5.38,5.38,0.566315789473684
2130,"D","HATEBOER","Atalanta",34,6.06,6.57,5.87842105263158
2133,"C","VALENCIA JM","Bologna",1,6,5.5,0.144736842105263
2134,"P","FALCONE","Sampdoria",0,0,0,0
2137,"A","SCAMACCA","Sassuolo",0,0,0,0
2141,"C","DEPAOLI","Chievo",32,5.75,5.66,4.76631578947368
2144,"C","COULIBALY","Udinese",0,0,0,0
2146,"A","HAN","Cagliari",0,0,0,0
2152,"A","JAKUPOVIC","Empoli",0,0,0,0
2154,"C","VIGNATO","Chievo",10,6,6.4,1.68421052631579
2155,"A","CUTRONE","Milan",29,5.83,6.17,4.70868421052632
2160,"D","GOSENS","Atalanta",28,6.18,6.54,4.81894736842105
2163,"A","CORNELIUS","Atalanta",0,0,0,0
2164,"D","MILENKOVIC","Fiorentina",34,5.93,6.06,5.4221052631579
2165,"D","VITOR HUGO","Fiorentina",29,5.88,5.76,4.39578947368421
2166,"C","BENTANCUR","Juventus",29,5.91,6.03,4.60184210526316
2167,"A","ORSOLINI","Bologna",32,6.19,7.03,5.92
2168,"D","MUSACCHIO","Milan",29,6.02,6.09,4.64763157894737
2169,"D","RODRIGUEZ R","Milan",35,5.84,5.83,5.36973684210526
2170,"P","MILINKOVIC-SAVIC V","SPAL",2,5.75,3.25,0.171052631578947
2171,"D","LYANCO","Bologna",14,5.89,5.96,2.19578947368421
2172,"C","BARAK","Udinese",5,5.4,5.4,0.710526315789474
2174,"D","VENUTI","Fiorentina",0,0,0,0
2175,"A","ANDRE' SILVA","Milan",0,0,0,0
2178,"P","CRAGNO","Cagliari",38,6.45,5.17,5.17
2179,"P","SIRIGU","Torino",36,6.35,5.53,5.23894736842105
2180,"D","KARSDORP","Roma",9,5.78,5.72,1.35473684210526
2181,"D","PALOMINO","Atalanta",28,6.05,6.07,4.47263157894737
2182,"D","RIGIONE","Chievo",0,0,0,0
2183,"C","GARRITANO","Chievo",0,0,0,0
2185,"C","GAUDINO","Chievo",0,0,0,0
2187,"C","BORINI","Milan",19,5.92,6.21,3.105
2188,"C","MARUSIC","Lazio",25,5.8,5.88,3.86842105263158
2191,"C","INGELSSON","Udinese",3,5.17,5.17,0.408157894736842
2192,"D","BONIFAZI","SPAL",27,5.94,6.13,4.35552631578947
2193,"C","GONALONS","Roma",0,0,0,0
2194,"C","CALHANOGLU","Milan",35,5.91,6.27,5.775
2195,"A","OUNAS","Napoli",12,6,6.75,2.13157894736842
2196,"A","GALABINOV","Genoa",0,0,0,0
2197,"D","CASTAGNE","Atalanta",27,6.04,6.5,4.61842105263158
2198,"A","KOWNACKI","Sampdoria",6,5.75,5.92,0.934736842105263
2200,"C","DOUGLAS COSTA","Juventus",13,6.04,6.15,2.10394736842105
2201,"A","UNDER","Roma",23,5.96,6.59,3.98868421052632
2205,"C","BERENGUER","Torino",22,6.09,6.43,3.72263157894737
2207,"A","ZEKHNINI","Fiorentina",0,0,0,0
2208,"D","JAROSZYNSKI","Chievo",19,5.63,5.58,2.79
2209,"C","LUCAS LEIVA","Lazio",26,6,5.94,4.06421052631579
2210,"C","FALLETTI","Bologna",0,0,0,0
2212,"D","VAISANEN","SPAL",0,0,0,0
2213,"C","CASSATA","Frosinone",18,5.83,6,2.84210526315789
2214,"D","KOLAROV","Roma",33,6.06,6.7,5.81842105263158
2215,"C","VERETOUT","Fiorentina",33,6.06,6.27,5.445
2216,"D","KONATE","SPAL",0,0,0,0
2243,"C","CICIRETTI","Parma",5,5.6,5.6,0.736842105263158
2246,"A","CERAVOLO","Parma",22,5.45,5.57,3.22473684210526
2249,"P","SANTURRO","Bologna",0,0,0,0
2256,"P","POLUZZI","SPAL",0,0,0,0
2261,"D","VICARI","SPAL",28,5.95,6.09,4.48736842105263
2263,"C","LAZZARI M","SPAL",33,6.35,6.48,5.62736842105263
2265,"C","SCHIATTARELLA","SPAL",25,5.92,5.88,3.86842105263158
2267,"A","ANTENUCCI","SPAL",30,5.77,6.17,4.87105263157895
2271,"P","NICOLAS","Udinese",0,0,0,0
2274,"C","VALOTI","SPAL",21,5.86,6,3.31578947368421
2279,"D","ROMAGNA","Cagliari",18,6.06,6,2.84210526315789
2280,"D","NUYTINCK","Udinese",27,5.87,5.76,4.09263157894737
2284,"A","CAICEDO","Lazio",23,6.15,7.2,4.35789473684211
2285,"D","BANI","Chievo",30,5.65,5.43,4.28684210526316
2287,"C","RAMIREZ","Sampdoria",26,5.92,6.38,4.36526315789474
2288,"D","N'KOULOU","Torino",36,6.25,6.31,5.97789473684211
2289,"D","DALBERT","Inter",11,5.73,5.73,1.65868421052632
2290,"C","EYSSERIC","Fiorentina",8,5.94,6,1.26315789473684
2293,"C","OMEONGA","Genoa",2,5.5,5.25,0.276315789473684
2296,"D","MANCINI G","Atalanta",29,6.22,6.69,5.10552631578947
2297,"P","ROSSI F","Atalanta",0,0,0,0
2300,"D","LEVERBE","Cagliari",0,0,0,0
2302,"C","BEHRAMI","Udinese",18,6.06,6.06,2.87052631578947
2304,"A","SALCEDO E","Inter",0,0,0,0
2306,"C","MATUIDI","Juventus",30,6.22,6.5,5.13157894736842
2309,"D","PEZZELLA GER","Fiorentina",32,6.03,6.09,5.12842105263158
2310,"D","CANCELO","Juventus",24,6.1,6.19,3.90947368421053
2312,"D","HRISTOV","Fiorentina",0,0,0,0
2315,"D","STRYGER LARSEN","Udinese",36,5.86,5.97,5.65578947368421
2317,"A","BRIGNOLA","Sassuolo",5,5.8,6.2,0.81578947368421
2318,"D","ROGERIO","Sassuolo",32,5.64,5.59,4.70736842105263
2320,"D","ANDERSEN","Sampdoria",32,6.02,5.91,4.97684210526316
2325,"A","KARAMOH","Inter",0,0,0,0
2327,"A","STEPINSKI","Chievo",35,5.63,6.1,5.61842105263158
2331,"P","BORSELLINI","Udinese",0,0,0,0
2332,"C","BRUNO JORDAO","Lazio",2,6,6,0.31578947368421
2333,"A","PEDRO NETO","Lazio",2,6,6,0.31578947368421
2334,"A","LERIS","Chievo",22,5.59,5.52,3.19578947368421
2335,"D","LUIZ FELIPE","Lazio",17,5.94,6.06,2.71105263157895
2355,"D","MARLON","Sassuolo",18,5.69,5.72,2.70947368421053
2378,"C","PASTORE","Roma",12,5.92,6.75,2.13157894736842
2387,"P","LAFONT","Fiorentina",34,6.01,4.84,4.33052631578947
2391,"C","EKDAL","Sampdoria",32,6.02,5.92,4.98526315789474
2468,"P","OSPINA","Napoli",17,6.06,4.88,2.18315789473684
2504,"C","CAN ","Juventus",26,6.02,6.33,4.33105263157895
2535,"D","CEDRIC SOARES","Inter",3,6.17,6.17,0.487105263157895
2594,"D","LEMOS","Sassuolo",3,5.5,5.5,0.434210526315789
2610,"A","CRISTIANO RONALDO","Juventus",31,6.48,8.6,7.01578947368421
2617,"C","NZONZI","Roma",30,5.98,6.03,4.76052631578947
2625,"C","SORIANO","Bologna",24,5.9,6.1,3.85263157894737
2639,"C","BAKAYOKO","Milan",29,6.02,6.05,4.6171052631579
2646,"C","SANDRO","Udinese",21,5.64,5.43,3.00078947368421
2650,"A","AVENATTI","Bologna",0,0,0,0
2651,"D","LISANDRO LOPEZ","Genoa",0,0,0,0
2652,"C","EVERTON LUIZ","SPAL",9,5.61,5.39,1.27657894736842
2653,"D","LYKOGIANNIS","Cagliari",10,5.5,5.55,1.46052631578947
2658,"A","MEDEIROS","Genoa",2,5.25,5.25,0.276315789473684
2659,"C","DABO","Fiorentina",17,5.79,5.91,2.64394736842105
2663,"D","TANASIJEVIC","Chievo",1,5,4,0.105263157894737
2664,"D","EL YAMIQ","Genoa",0,0,0,0
2692,"A","CASTILLEJO","Milan",22,5.95,6.55,3.79210526315789
2719,"A","BARROW","Atalanta",17,5.82,6,2.68421052631579
2725,"C","CALIGARA","Cagliari",0,0,0,0
2728,"D","PELLEGRINI LU","Cagliari",16,5.91,5.84,2.45894736842105
2732,"C","STIJEPOVIC","Sampdoria",0,0,0,0
2737,"D","BETTELLA","Atalanta",0,0,0,0
2739,"D","RECA","Atalanta",1,6.5,6.5,0.171052631578947
2740,"D","VARNIER","Atalanta",0,0,0,0
2741,"C","PESSINA","Atalanta",5,6.1,6.3,0.828947368421053
2742,"C","VALZANIA","Frosinone",15,6.03,6.37,2.51447368421053
2743,"A","SANTANDER","Bologna",29,6.03,6.9,5.26578947368421
2744,"C","SVANBERG","Bologna",21,5.67,5.71,3.15552631578947
2745,"D","CALABRESI","Bologna",17,5.79,5.74,2.56789473684211
2746,"D","DIJKS","Bologna",24,6,5.98,3.77684210526316
2747,"D","PAZ","Bologna",2,5.5,5.25,0.276315789473684
2749,"D","SRNA","Cagliari",26,5.94,5.96,4.07789473684211
2750,"A","MRAZ","Empoli",5,5.6,6.2,0.81578947368421
2752,"D","RASMUSSEN","Empoli",13,5.31,5.27,1.80289473684211
2753,"D","MARCJANIK","Empoli",0,0,0,0
2754,"D","HANCKO","Fiorentina",4,5.88,6.12,0.644210526315789
2755,"D","VALIETTI","Genoa",0,0,0,0
2756,"A","PIATEK","Milan",37,6.35,8.07,7.85763157894737
2757,"D","LAKICEVIC","Genoa",0,0,0,0
2758,"D","GUNTER","Genoa",12,5.67,5.62,1.77473684210526
2759,"D","CRISCITO","Genoa",35,6.01,6.1,5.61842105263158
2760,"C","CALLEGARI","Genoa",0,0,0,0
2761,"P","VODISEK","Genoa",0,0,0,0
2762,"A","KOUAME'","Genoa",38,6.07,6.46,6.46
2764,"A","MARTINEZ L","Inter",22,6.07,6.84,3.96
2765,"A","ODGAARD","Sassuolo",1,6,6,0.157894736842105
2766,"C","ZANIOLO","Roma",27,6.13,6.5,4.61842105263158
2769,"D","MAGNANI","Sassuolo",18,6.11,6.11,2.89421052631579
2770,"P","PROTO","Lazio",2,6,3.75,0.197368421052632
2771,"C","BERISHA V","Lazio",5,6,6,0.789473684210526
2772,"D","DURMISI","Lazio",8,5.56,5.31,1.11789473684211
2773,"A","SPROCATI","Parma",12,5.67,5.92,1.86947368421053
2774,"C","HALILOVIC","Milan",0,0,0,0
2775,"C","RUIZ","Napoli",27,6.3,6.89,4.89552631578947
2776,"A","YOUNES","Napoli",11,6.27,7.23,2.09289473684211
2778,"C","STULAC","Parma",21,5.86,5.79,3.19973684210526
2779,"A","KLUIVERT","Roma",24,5.88,6.21,3.92210526315789
2780,"C","CORIC","Roma",1,5.5,5.5,0.144736842105263
2781,"P","FUZATO","Roma",0,0,0,0
2782,"D","MARCANO","Roma",10,5.55,5.55,1.46052631578947
2783,"D","BIANDA","Roma",0,0,0,0
2784,"D","COLLEY","Sampdoria",21,5.93,5.88,3.24947368421053
2785,"C","PEETERS","Sampdoria",0,0,0,0
2787,"D","DICKMANN","SPAL",4,5.5,5.38,0.566315789473684
2788,"D","BREMER","Torino",2,5.75,5.5,0.289473684210526
2789,"C","MEITE'","Torino",34,6.06,6.19,5.53842105263158
2790,"P","ROSATI","Torino",0,0,0,0
2791,"A","VIZEU","Udinese",1,5,5,0.131578947368421
2792,"P","MUSSO","Udinese",29,6.26,4.81,3.67078947368421
2793,"D","OPOKU","Udinese",11,5.45,5.23,1.51394736842105
2794,"A","MICIN","Udinese",0,0,0,0
2795,"D","TER AVEST","Udinese",13,5.92,6,2.05263157894737
2797,"D","JUNIOR TAVARES","Sampdoria",3,5.67,5.5,0.434210526315789
2798,"P","DINI","Parma",0,0,0,0
2799,"P","FRATTALI","Parma",1,6.5,4.5,0.118421052631579
2800,"D","DI CESARE","Parma",0,0,0,0
2801,"D","IACOPONI","Parma",38,5.71,5.66,5.66
2802,"C","BARILLA'","Parma",31,5.89,6.08,4.96
2803,"C","SCAVONE","Parma",0,0,0,0
2804,"C","SCOZZARELLA","Parma",19,5.92,5.87,2.935
2805,"A","BARAYE","Parma",0,0,0,0
2806,"A","CALAIO'","Parma",0,0,0,0
2807,"A","DA CRUZ","Parma",3,5.5,5.5,0.434210526315789
2808,"C","FREDIANI","Parma",0,0,0,0
2810,"D","BRIGHENTI","Frosinone",11,5.64,5.45,1.57763157894737
2811,"C","KONE'","Frosinone",0,0,0,0
2812,"A","CIANO","Frosinone",32,5.98,6.48,5.45684210526316
2814,"P","PROVEDEL","Empoli",16,5.84,3.59,1.51157894736842
2815,"P","TERRACCIANO","Fiorentina",10,6.35,5.05,1.32894736842105
2816,"D","DI LORENZO","Empoli",37,6.03,6.41,6.24131578947369
2817,"D","UNTERSEE","Empoli",3,5.5,5.5,0.434210526315789
2818,"C","BENNACER","Empoli",35,5.9,5.86,5.39736842105263
2819,"A","CAPUTO","Empoli",38,6.08,7.14,7.14
2825,"C","BOURABIA","Sassuolo",31,5.82,5.77,4.70710526315789
2826,"A","PUSSETTO","Udinese",32,5.92,6.27,5.28
2827,"A","MACHIS","Udinese",11,5.82,5.86,1.69631578947368
2828,"C","COLOMBATTO","Cagliari",0,0,0,0
2829,"D","VALJENT","Chievo",0,0,0,0
2830,"C","NORGAARD","Fiorentina",5,5.7,5.7,0.75
2831,"D","DJOUROU","SPAL",5,5.6,5.6,0.736842105263158
2832,"C","BOGA","Sassuolo",24,6.15,6.56,4.14315789473684
2833,"C","KULUSEVSKI","Atalanta",3,5.5,5.5,0.434210526315789
2834,"D","BRIGNANI","Bologna",0,0,0,0
2835,"C","KINGSLEY","Bologna",0,0,0,0
2836,"P","OLSEN","Roma",27,6,4.41,3.13342105263158
2838,"D","IMPERIALE","Empoli",0,0,0,0
2839,"A","SOTTIL","Fiorentina",0,0,0,0
2840,"A","GRAICIAR","Fiorentina",0,0,0,0
2841,"A","VLAHOVIC","Fiorentina",4,5.62,5.62,0.591578947368421
2842,"A","ZANIMACCHIA","Genoa",0,0,0,0
2843,"C","EMMERS","Inter",0,0,0,0
2844,"A","COLIDIO","Inter",0,0,0,0
2845,"P","CONTINI N","Napoli",0,0,0,0
2846,"C","BAUMGARTNER","Sampdoria",0,0,0,0
2847,"D","SERNICOLA","Sassuolo",0,0,0,0
2848,"C","FRATTESI","Sassuolo",0,0,0,0
2849,"A","DAMASCAN","Torino",0,0,0,0
2850,"C","KATUMA","Udinese",0,0,0,0
2852,"C","RICCARDI","Roma",0,0,0,0
2853,"A","MONCINI","SPAL",0,0,0,0
2854,"C","BRADARIC","Cagliari",23,5.65,5.5,3.32894736842105
2855,"C","VIEIRA","Sampdoria",10,5.8,5.7,1.5
2856,"C","ROLON","Genoa",17,5.71,5.47,2.44710526315789
2857,"C","TRAORE' HJ","Empoli",30,6.08,6.28,4.95789473684211
2858,"A","GALANO","Parma",0,0,0,0
2859,"A","MIRALLAS","Fiorentina",23,5.7,5.96,3.60736842105263
2860,"D","MALCUIT","Napoli",23,6.11,6.15,3.72236842105263
2861,"P","SEMPER","Chievo",6,6.25,4.92,0.776842105263158
2862,"P","IACOBUCCI","Frosinone",0,0,0,0
2863,"C","FERNANDES","Fiorentina",28,5.68,5.71,4.20736842105263
2865,"D","AINA","Torino",29,5.91,6.02,4.59421052631579
2866,"C","VLOET","Frosinone",5,5.9,5.9,0.776315789473684
2867,"A","CAMPBELL","Frosinone",15,5.67,5.73,2.26184210526316
2868,"A","RIGONI E","Atalanta",9,5.78,6.72,1.59157894736842
2869,"D","DJIDJI","Torino",16,5.97,5.91,2.48842105263158
2870,"D","TROOST-EKONG","Udinese",35,5.79,5.73,5.27763157894737
2871,"D","KLAVAN","Cagliari",15,5.9,5.83,2.30131578947368
2872,"A","ARDAIZ","Frosinone",1,5.5,5.5,0.144736842105263
2873,"A","TEODORCZYK","Udinese",12,5.67,5.62,1.77473684210526
2874,"P","GHIDOTTI","Fiorentina",0,0,0,0
2875,"P","BAGHERIA","Parma",0,0,0,0
2876,"A","MATARESE","Frosinone",0,0,0,0
2877,"C","BURRUCHAGA","Chievo",1,6,6,0.157894736842105
2878,"A","DALMONTE","Genoa",2,5.75,5.75,0.302631578947368
4302,"D","SIERRALTA","Parma",5,5.5,4.9,0.644736842105263
4303,"P","DAGA","Cagliari",0,0,0,0
4307,"D","ROMERO C","Genoa",27,6,6,4.26315789473684
4322,"C","PAQUETA'","Milan",13,6.12,6.19,2.11763157894737
4323,"D","ZEEGELAAR","Udinese",12,5.46,5.17,1.63263157894737
4324,"A","OKAKA","Udinese",14,6.29,7.5,2.76315789473684
4325,"P","JANDREI","Genoa",1,6.5,5.5,0.144736842105263
4327,"C","OLIVA","Cagliari",0,0,0,0
4328,"P","PERUCCHINI","Empoli",0,0,0,0
4329,"D","NIKOLAOU","Empoli",4,6,6,0.631578947368421
4330,"C","LERAGER","Genoa",14,5.68,5.75,2.11842105263158
4331,"D","IBANEZ","Atalanta",0,0,0,0
4332,"D","DEMIRAL","Sassuolo",14,6.29,6.61,2.43526315789474
4333,"A","DESPODOV","Cagliari",3,5.67,5.67,0.447631578947368
4334,"C","PIAZON","Chievo",3,5.67,5.67,0.447631578947368
4335,"A","SCHIAPPACASSE","Parma",3,5.33,5.33,0.42078947368421
4336,"P","BRAZAO","Parma",0,0,0,0
4337,"A","OBERLIN","Empoli",3,5.5,5.5,0.434210526315789
4338,"C","JANKOVIC","SPAL",2,6,5.75,0.302631578947368
4339,"D","WILMOT","Udinese",3,5.17,5.17,0.408157894736842
4346,"A","MILLICO","Torino",0,0,0,0
4347,"A","DORATIOTTO","Cagliari",1,5.5,5.5,0.144736842105263
4348,"A","VERDE F","Cagliari",0,0,0,0
4349,"C","NICOLUSSI CAVIGLIA","Juventus",2,6,6,0.31578947368421
4351,"P","BRANCOLINI","Fiorentina",0,0,0,0
4352,"A","CELAR","Roma",0,0,0,0
4353,"C","MONTIEL","Fiorentina",0,0,0,0
4354,"D","COCCOLO","Juventus",0,0,0,0
4355,"D","GOZZI","Juventus",1,5,5,0.131578947368421
4357,"A","MAVIDIDI","Juventus",1,5.5,5.5,0.144736842105263
4358,"A","GRUBAC","Chievo",3,5.17,5,0.394736842105263
4359,"A","PICCOLI","Atalanta",1,5.5,5.5,0.144736842105263
4360,"P","CAPRILE","Chievo",0,0,0,0
4361,"C","KARAMOKO","Chievo",1,5,5,0.131578947368421
4362,"C","BELOKO","Fiorentina",1,5.5,5,0.131578947368421
4363,"D","NDRECKA","Chievo",1,5,5,0.131578947368421
4364,"C","GAETANO","Napoli",0,0,0,0
4365,"D","CORBO","Bologna",0,0,0,0
4366,"D","ARMINI","Lazio",1,5.5,5.5,0.144736842105263
4367,"P","DEL FAVERO","Juventus",0,0,0,0
4368,"A","JUWARA","Chievo",0,0,0,0
4369,"C","CAPANNI","Lazio",0,0,0,0
4370,"C","PORTANOVA","Juventus",1,6,5.5,0.144736842105263
4371,"A","RASPADORI","Sassuolo",0,0,0,0
